Time,signal,IKK,IKKa,NFkB,NFkBa,IkB,v1,v2,v3,v4,v5,v6,v7,v8,v9,v10,v11
0,0,0.999198,0.000802,0.999943,0.000057,0.002027,0.000357,4.166109,0.005728,0.047746,0.000391,0.000005,0,0.000396,3.491424,0.00047,3.491894
0.996514,0.00996514,0.999216,0.000784,0.999943,0.000057,0.002027,0.000357,4.166122,0.005598,0.046669,0.000391,0.000005,0,0.000395,3.491424,0.000463,3.491887
1.923239,0.01923239,0.998467,0.001533,0.999941,0.000059,0.002027,0.000357,4.165601,0.010947,0.090603,0.000391,0.000009,0,0.000398,3.491424,0.000479,3.491902
2.998709,0.02998709,0.997581,0.002419,0.999938,0.000062,0.002028,0.000357,4.164984,0.017263,0.141684,0.000391,0.000014,0,0.000402,3.491424,0.000503,3.491927
3.883646,0.03883646,0.99684,0.00316,0.999936,0.000064,0.002028,0.000356,4.164466,0.022552,0.183796,0.000391,0.000018,0,0.000406,3.491424,0.000526,3.49195
5.069597,0.05069597,0.995827,0.004173,0.999932,0.000068,0.002028,0.000356,4.163759,0.029771,0.24035,0.000391,0.000024,0,0.000412,3.491424,0.00056,3.491983
6.130505,0.06130505,0.994902,0.005098,0.999927,0.000073,0.002029,0.000356,4.163111,0.036363,0.291058,0.000391,0.000029,0,0.000417,3.491424,0.000594,3.492017
6.796095,0.06796095,0.994312,0.005688,0.999925,0.000075,0.002029,0.000356,4.162698,0.040564,0.322929,0.000391,0.000033,0,0.00042,3.491424,0.000617,3.49204
8.127275,0.08127275,0.993109,0.006891,0.999918,0.000082,0.00203,0.000356,4.161854,0.049125,0.38681,0.000391,0.00004,0,0.000426,3.491424,0.000668,3.492092
8.792865,0.08792865,0.992496,0.007504,0.999915,0.000085,0.00203,0.000355,4.161423,0.053486,0.418822,0.000391,0.000043,0,0.000429,3.491424,0.000697,3.49212
9.777727,0.09777727,0.991574,0.008426,0.999909,0.000091,0.002031,0.000355,4.160774,0.060041,0.46628,0.000391,0.000049,0,0.000434,3.491424,0.000743,3.492166
10.76259,0.1076259,0.990634,0.009366,0.999903,0.000097,0.002031,0.000355,4.160111,0.066722,0.513848,0.000391,0.000054,0,0.000439,3.491424,0.000795,3.492218
11.747452,0.11747452,0.989675,0.010325,0.999896,0.000104,0.002032,0.000355,4.159434,0.073532,0.561531,0.000391,0.00006,0,0.000443,3.491424,0.000852,3.492275
12.732314,0.12732314,0.988697,0.011303,0.999888,0.000112,0.002033,0.000355,4.158742,0.080476,0.609331,0.000391,0.000065,0,0.000448,3.491424,0.000917,3.49234
13.717176,0.13717176,0.987698,0.012302,0.999879,0.000121,0.002034,0.000354,4.158035,0.087558,0.657254,0.000391,0.000071,0,0.000453,3.491424,0.000991,3.492414
14.702039,0.14702039,0.986679,0.013321,0.999869,0.000131,0.002035,0.000354,4.157312,0.094784,0.705302,0.000391,0.000077,0,0.000457,3.491424,0.001074,3.492497
15.766514,0.15766514,0.985553,0.014447,0.999856,0.000144,0.002036,0.000354,4.156512,0.10276,0.757381,0.000391,0.000083,0,0.000462,3.491424,0.001177,3.4926
16.830989,0.16830989,0.984402,0.015598,0.999842,0.000158,0.002038,0.000354,4.155692,0.110915,0.809618,0.000391,0.00009,0,0.000467,3.491424,0.001295,3.492718
17.895464,0.17895464,0.983223,0.016777,0.999825,0.000175,0.00204,0.000353,4.15485,0.119257,0.86202,0.000391,0.000097,0,0.000471,3.491424,0.001431,3.492854
18.959939,0.18959939,0.982015,0.017985,0.999806,0.000194,0.002042,0.000353,4.153987,0.127793,0.914592,0.000391,0.000104,0,0.000476,3.491424,0.001589,3.49301
20.024415,0.20024415,0.980779,0.019221,0.999784,0.000216,0.002044,0.000353,4.153101,0.13653,0.967341,0.000391,0.000111,0,0.00048,3.491424,0.00177,3.493191
21.08889,0.2108889,0.979511,0.020489,0.999758,0.000242,0.002047,0.000352,4.152191,0.145478,1.020276,0.000391,0.000118,0,0.000484,3.491424,0.001978,3.4934
22.153365,0.22153365,0.978212,0.021788,0.999729,0.000271,0.00205,0.000352,4.151256,0.154644,1.073403,0.000391,0.000126,0,0.000487,3.491424,0.002219,3.493639
23.21784,0.2321784,0.976879,0.023121,0.999695,0.000305,0.002053,0.000352,4.150295,0.164038,1.126731,0.000391,0.000133,0,0.000491,3.491424,0.002494,3.493914
24.282315,0.24282315,0.975512,0.024488,0.999657,0.000343,0.002057,0.000351,4.149307,0.17367,1.180268,0.000391,0.000141,0,0.000494,3.491424,0.002809,3.494229
25.225767,0.25225767,0.974269,0.025731,0.999618,0.000382,0.002061,0.000351,4.148406,0.182415,1.227901,0.000391,0.000148,0,0.000496,3.491424,0.003124,3.494544
26.169218,0.26169218,0.972997,0.027003,0.999575,0.000425,0.002066,0.000351,4.147483,0.191363,1.275713,0.000391,0.000156,0,0.000499,3.491424,0.003477,3.494896
27.112669,0.27112669,0.971693,0.028307,0.999527,0.000473,0.002071,0.000351,4.146534,0.200523,1.323711,0.000391,0.000163,0,0.000501,3.491424,0.00387,3.495288
27.833211,0.27833211,0.970676,0.029324,0.999486,0.000514,0.002075,0.00035,4.145793,0.207666,1.360499,0.000391,0.000169,0,0.000502,3.491424,0.0042,3.495617
29.274295,0.29274295,0.968582,0.031418,0.999396,0.000604,0.002085,0.00035,4.144262,0.222356,1.434428,0.000391,0.000181,0,0.000505,3.491424,0.004939,3.496355
29.85596,0.2985596,0.967713,0.032287,0.999356,0.000644,0.00209,0.00035,4.143625,0.228444,1.464407,0.000391,0.000186,0.000001,0.000506,3.491424,0.00527,3.496686
31.019289,0.31019289,0.965933,0.034067,0.999267,0.000733,0.002099,0.000349,4.142318,0.240907,1.524619,0.000391,0.000197,0.000001,0.000507,3.491424,0.005991,3.497406
32.182619,0.32182619,0.964094,0.035906,0.999169,0.000831,0.00211,0.000349,4.140963,0.253771,1.585182,0.000391,0.000207,0.000001,0.000509,3.491424,0.006796,3.49821
32.764284,0.32764284,0.963151,0.036849,0.999116,0.000884,0.002116,0.000349,4.140266,0.260361,1.615603,0.000391,0.000213,0.000001,0.000509,3.491424,0.007232,3.498645
34.324152,0.34324152,0.960541,0.039459,0.998959,0.001041,0.002134,0.000348,4.138333,0.278581,1.697664,0.000391,0.000228,0.000001,0.000511,3.491424,0.008515,3.499926
35.014013,0.35014013,0.959347,0.040653,0.998883,0.001117,0.002143,0.000348,4.137445,0.286907,1.734191,0.000391,0.000235,0.000001,0.000511,3.491424,0.009138,3.500549
35.703874,0.35703874,0.958127,0.041873,0.998802,0.001198,0.002152,0.000347,4.136537,0.295405,1.770869,0.000391,0.000242,0.000001,0.000512,3.491424,0.009797,3.501207
37.083597,0.37083597,0.955606,0.044394,0.998627,0.001373,0.002172,0.000347,4.134653,0.312946,1.844703,0.000391,0.000256,0.000001,0.000513,3.491424,0.011226,3.502634
37.773458,0.37773458,0.954303,0.045697,0.998533,0.001467,0.002184,0.000346,4.133676,0.322003,1.881872,0.000391,0.000264,0.000001,0.000513,3.491424,0.011998,3.503405
38.698871,0.38698871,0.952507,0.047493,0.998398,0.001602,0.0022,0.000346,4.132326,0.334471,1.93201,0.000391,0.000274,0.000001,0.000514,3.491424,0.013098,3.504503
39.624284,0.39624284,0.950654,0.049346,0.998255,0.001745,0.002217,0.000346,4.130929,0.34732,1.982482,0.000391,0.000285,0.000001,0.000514,3.491424,0.014272,3.505677
40.549698,0.40549698,0.94874,0.05126,0.998101,0.001899,0.002236,0.000345,4.129481,0.360574,2.033309,0.000391,0.000296,0.000001,0.000515,3.491424,0.015525,3.506927
42.400525,0.42400525,0.944716,0.055284,0.997765,0.002235,0.002279,0.000344,4.126421,0.388391,2.13611,0.000391,0.000319,0.000001,0.000515,3.491424,0.018276,3.509675
43.141757,0.43141757,0.943025,0.056975,0.997618,0.002382,0.002298,0.000344,4.125128,0.400061,2.177743,0.000391,0.000329,0.000001,0.000516,3.491424,0.019475,3.510872
43.88299,0.4388299,0.941284,0.058716,0.997465,0.002535,0.002318,0.000343,4.123794,0.412055,2.21966,0.000391,0.000339,0.000001,0.000516,3.491424,0.020731,3.512126
45.232937,0.45232937,0.937979,0.062021,0.997166,0.002834,0.002359,0.000343,4.121249,0.434795,2.296783,0.000391,0.000358,0.000002,0.000516,3.491424,0.023173,3.514565
45.841651,0.45841651,0.936427,0.063573,0.997023,0.002977,0.002378,0.000342,4.120049,0.445452,2.331911,0.000391,0.000367,0.000002,0.000516,3.491424,0.024343,3.515733
46.94021,0.4694021,0.933523,0.066477,0.996751,0.003249,0.002417,0.000342,4.117794,0.465369,2.395904,0.000391,0.000383,0.000002,0.000517,3.491424,0.026565,3.517952
47.919901,0.47919901,0.930811,0.069189,0.996494,0.003506,0.002455,0.000341,4.115679,0.483929,2.45367,0.000391,0.000399,0.000002,0.000517,3.491424,0.028673,3.520057
49.130351,0.49130351,0.927287,0.072713,0.996154,0.003846,0.002507,0.00034,4.112914,0.507998,2.526032,0.000391,0.000419,0.000002,0.000517,3.491424,0.031451,3.52283
49.937318,0.49937318,0.924821,0.075179,0.995914,0.004086,0.002544,0.000339,4.11097,0.524805,2.574935,0.000391,0.000433,0.000002,0.000517,3.491424,0.033415,3.52479
51.157965,0.51157965,0.920895,0.079105,0.995529,0.004471,0.002607,0.000338,4.107855,0.551503,2.650017,0.000391,0.000456,0.000002,0.000518,3.491424,0.036565,3.527934
51.975129,0.51975129,0.918121,0.081879,0.995255,0.004745,0.002654,0.000338,4.105643,0.570316,2.701097,0.00039,0.000472,0.000002,0.000518,3.491424,0.0388,3.530165
52.792293,0.52792293,0.91522,0.08478,0.994969,0.005031,0.002704,0.000337,4.103316,0.589957,2.752895,0.00039,0.000488,0.000002,0.000518,3.491424,0.041143,3.532502
54.102816,0.54102816,0.910269,0.089731,0.99448,0.00552,0.002795,0.000336,4.099317,0.62338,2.837632,0.00039,0.000517,0.000002,0.000518,3.491424,0.045136,3.536486
54.976498,0.54976498,0.906739,0.093261,0.994134,0.005866,0.002862,0.000335,4.096444,0.647136,2.895397,0.00039,0.000537,0.000003,0.000518,3.491424,0.047971,3.539313
55.850181,0.55850181,0.903,0.097,0.993769,0.006231,0.002937,0.000334,4.093382,0.672225,2.954312,0.00039,0.000559,0.000003,0.000518,3.491424,0.050952,3.542286
57.078912,0.57078912,0.89734,0.10266,0.993224,0.006776,0.003056,0.000333,4.088705,0.710077,3.03938,0.00039,0.000591,0.000003,0.000518,3.491424,0.055412,3.546731
58.144058,0.58144058,0.891989,0.108011,0.992718,0.007282,0.003175,0.000331,4.08424,0.745711,3.115543,0.00039,0.000622,0.000003,0.000518,3.491424,0.059549,3.550853
59.144417,0.59144417,0.886516,0.113484,0.992212,0.007788,0.003304,0.00033,4.079627,0.782,3.189488,0.00039,0.000653,0.000003,0.000518,3.491424,0.063686,3.554972
60.015204,0.60015204,0.881334,0.118666,0.991745,0.008255,0.003431,0.000329,4.075216,0.816217,3.256093,0.00039,0.000683,0.000003,0.000518,3.491424,0.067502,3.55877
60.885991,0.60885991,0.875688,0.124312,0.991252,0.008748,0.003577,0.000327,4.070362,0.853334,3.325158,0.00039,0.000715,0.000004,0.000519,3.491424,0.071536,3.562781
62.073947,0.62073947,0.867061,0.132939,0.990531,0.009469,0.003812,0.000325,4.062846,0.909715,3.42422,0.000389,0.000765,0.000004,0.000519,3.491424,0.07743,3.568634
62.933682,0.62933682,0.859975,0.140025,0.989971,0.010029,0.004017,0.000323,4.056581,0.95572,3.500265,0.000389,0.000805,0.000004,0.000519,3.491424,0.08201,3.573175
64.050793,0.64050793,0.849344,0.150656,0.989188,0.010812,0.004341,0.000321,4.047024,1.024206,3.606278,0.000389,0.000866,0.000005,0.000519,3.491424,0.088414,3.579512
64.985185,0.64985185,0.838744,0.161256,0.988477,0.011523,0.004681,0.000318,4.037299,1.09185,3.7034,0.000389,0.000927,0.000005,0.000519,3.491424,0.094231,3.585248
65.974582,0.65974582,0.824967,0.175033,0.987656,0.012344,0.005143,0.000314,4.024359,1.178777,3.818442,0.000389,0.001006,0.000005,0.000519,3.491424,0.100944,3.591833
67.03884,0.6703884,0.805234,0.194766,0.986673,0.013327,0.005821,0.000309,4.005206,1.301261,3.964489,0.000389,0.001119,0.000006,0.000519,3.491424,0.108978,3.599642
68.008978,0.68008978,0.778394,0.221606,0.985652,0.014348,0.006721,0.000302,3.977917,1.46383,4.134364,0.000388,0.001272,0.000007,0.000519,3.491424,0.117328,3.607614
69.016323,0.69016323,0.726687,0.273313,0.98438,0.01562,0.008238,0.000288,3.920887,1.762805,4.39277,0.000388,0.001569,0.000009,0.000519,3.491424,0.127729,3.617145
69.996832,0.69996832,0.58946,0.41054,0.982668,0.017332,0.011233,0.000247,3.733312,2.445747,4.824773,0.000388,0.002355,0.000013,0.000519,3.491424,0.14173,3.628474
71.00311,0.7100311,0.353483,0.646517,0.979695,0.020305,0.020206,0.000164,3.193261,3.033018,5.196267,0.000387,0.003704,0.000023,0.000519,3.491424,0.166042,3.642406
72.009907,0.72009907,0.320328,0.679672,0.976002,0.023998,0.045016,0.000151,3.078136,3.022484,5.230445,0.000386,0.003889,0.000053,0.000519,3.491424,0.19624,3.652082
73.003601,0.73003601,0.313218,0.686782,0.97233,0.02767,0.09298,0.000148,3.051509,3.016083,5.2374,0.000386,0.003924,0.00011,0.000519,3.491424,0.226269,3.656162
74.002265,0.74002265,0.306923,0.693077,0.968682,0.031318,0.168392,0.000146,3.027313,3.009115,5.243453,0.000385,0.003955,0.000202,0.000519,3.491424,0.256097,3.65788
75.016347,0.75016347,0.300948,0.699052,0.965061,0.034939,0.27392,0.000143,3.003787,3.00134,5.24911,0.000384,0.003984,0.000332,0.000519,3.491424,0.285709,3.658696
75.964061,0.75964061,0.295694,0.704306,0.961787,0.038213,0.398719,0.000141,2.982624,2.993543,5.254016,0.000383,0.004009,0.000486,0.000519,3.491424,0.312483,3.659104
77.105783,0.77105783,0.289732,0.710268,0.95803,0.04197,0.581585,0.000139,2.958067,2.983584,5.259504,0.000383,0.004037,0.000713,0.000519,3.491424,0.343208,3.659386
77.955704,0.77955704,0.285527,0.714473,0.955395,0.044605,0.739716,0.000137,2.940383,2.975833,5.263327,0.000382,0.004057,0.00091,0.000519,3.491424,0.364756,3.659517
79.046283,0.79046283,0.280392,0.719608,0.952252,0.047748,0.968349,0.000135,2.918367,2.965531,5.267943,0.000381,0.004081,0.001196,0.000519,3.491424,0.390451,3.659631
80.00379,0.8000379,0.276102,0.723898,0.949744,0.050256,1.191095,0.000133,2.899609,2.956206,5.271755,0.000381,0.004102,0.001475,0.000519,3.491424,0.41096,3.6597
80.900589,0.80900589,0.272252,0.727748,0.947631,0.052369,1.416607,0.000131,2.882486,2.94727,5.275142,0.00038,0.00412,0.001758,0.000519,3.491424,0.428244,3.659748
81.797388,0.81797388,0.268551,0.731449,0.945764,0.054236,1.656688,0.00013,2.865762,2.938167,5.278368,0.00038,0.004138,0.00206,0.000519,3.491424,0.443513,3.659784
83.044776,0.83044776,0.263632,0.736368,0.943606,0.056394,2.011338,0.000128,2.843117,2.925268,5.282612,0.000379,0.004162,0.002505,0.000519,3.491424,0.46116,3.659822
83.876368,0.83876368,0.260488,0.739512,0.942466,0.057534,2.258801,0.000126,2.828391,2.91654,5.285299,0.000379,0.004178,0.002816,0.000519,3.491424,0.470477,3.659842
85.127119,0.85127119,0.255946,0.744054,0.941224,0.058776,2.643428,0.000124,2.806759,2.903253,5.289145,0.000379,0.004202,0.003299,0.000519,3.491424,0.480635,3.659865
85.965436,0.85965436,0.253019,0.746981,0.940717,0.059283,2.90703,0.000123,2.792588,2.894256,5.291601,0.000379,0.004218,0.00363,0.000519,3.491424,0.484783,3.659877
86.803754,0.86803754,0.25018,0.74982,0.940475,0.059525,3.173192,0.000122,2.778664,2.885199,5.293969,0.000379,0.004233,0.003963,0.000519,3.491424,0.486763,3.659887
88.153121,0.88153121,0.24578,0.75422,0.940644,0.059356,3.602384,0.00012,2.756742,2.870517,5.297605,0.000379,0.004258,0.004498,0.000519,3.491424,0.485377,3.659901
89.175221,0.89175221,0.242579,0.757421,0.941228,0.058772,3.924115,0.000119,2.740515,2.859328,5.300227,0.000379,0.004277,0.004897,0.000519,3.491424,0.480604,3.659909
90.197321,0.90197321,0.239483,0.760517,0.942195,0.057805,4.239348,0.000117,2.724597,2.848094,5.302745,0.000379,0.004297,0.005287,0.000519,3.491424,0.472691,3.659916
91.21942,0.9121942,0.236485,0.763515,0.943534,0.056466,4.544924,0.000116,2.708971,2.836828,5.305165,0.000379,0.004316,0.005662,0.000519,3.491424,0.461743,3.659921
92.24152,0.9224152,0.23358,0.76642,0.945227,0.054773,4.837813,0.000115,2.693623,2.825539,5.307495,0.00038,0.004335,0.006018,0.000519,3.491424,0.4479,3.659926
92.75257,0.9275257,0.232161,0.767839,0.9462,0.0538,4.978594,0.000114,2.68605,2.819889,5.308627,0.00038,0.004345,0.006188,0.000519,3.491424,0.439946,3.659928
93.77467,0.9377467,0.229386,0.770614,0.948382,0.051618,5.247127,0.000113,2.671096,2.808581,5.310831,0.00038,0.004364,0.006508,0.000519,3.491424,0.422101,3.659932
94.79677,0.9479677,0.226692,0.773308,0.950857,0.049143,5.496174,0.000112,2.65639,2.797272,5.312957,0.000381,0.004383,0.006799,0.000519,3.491424,0.401864,3.659935
95.81887,0.9581887,0.224074,0.775926,0.953593,0.046407,5.723418,0.000111,2.641922,2.785966,5.315011,0.000382,0.004403,0.007058,0.000519,3.491424,0.379491,3.659938
96.840969,0.96840969,0.221529,0.778471,0.956555,0.043445,5.926824,0.00011,2.627682,2.77467,5.316995,0.000382,0.004422,0.007281,0.000519,3.491424,0.355271,3.65994
97.863069,0.97863069,0.219052,0.780948,0.959704,0.040296,6.10466,0.000108,2.61366,2.763389,5.318916,0.000383,0.004442,0.007465,0.000519,3.491424,0.329518,3.659941
98.885169,0.98885169,0.216641,0.783359,0.962999,0.037001,6.255535,0.000107,2.59985,2.752129,5.320775,0.000384,0.004461,0.007605,0.000519,3.491424,0.302575,3.659943
99.919928,0.99919928,0.214263,0.785737,0.966436,0.033564,6.379761,0.000106,2.586075,2.740755,5.322598,0.000384,0.00448,0.007701,0.000519,3.491424,0.274463,3.659944
100.967345,1.00967345,0.211919,0.788081,0.96997,0.03003,6.475614,0.000105,2.572336,2.72927,5.324386,0.000385,0.004499,0.007747,0.000519,3.491424,0.245568,3.659945
102.014763,1.02014763,0.209634,0.790366,0.973503,0.026497,6.541164,0.000104,2.558796,2.71782,5.32612,0.000386,0.004518,0.007739,0.000519,3.491424,0.21668,3.659945
102.871474,1.02871474,0.207808,0.792192,0.97635,0.02365,6.572415,0.000103,2.547863,2.708482,5.327499,0.000386,0.004533,0.007688,0.000519,3.491424,0.193396,3.659946
104.15654,1.0415654,0.205137,0.794863,0.98047,0.01953,6.582532,0.000102,2.531696,2.694525,5.329507,0.000387,0.004556,0.007533,0.000519,3.491424,0.159706,3.659946
105.013251,1.05013251,0.2034,0.7966,0.983062,0.016938,6.565813,0.000102,2.521069,2.685256,5.330806,0.000388,0.00457,0.007373,0.000519,3.491424,0.13851,3.659946
106.0271,1.060271,0.201387,0.798613,0.985907,0.014093,6.523404,0.000101,2.508642,2.674325,5.332304,0.000389,0.004586,0.007123,0.000519,3.491424,0.115243,3.659945
106.865032,1.06865032,0.199759,0.800241,0.988032,0.011968,6.471352,0.0001,2.498491,2.665325,5.333512,0.000389,0.004599,0.006866,0.000519,3.491424,0.097869,3.659945
108.068179,1.08068179,0.197472,0.802528,0.990646,0.009354,6.373034,0.000099,2.4841,2.652456,5.335201,0.00039,0.004616,0.006423,0.000519,3.491424,0.076494,3.659944
108.992016,1.08992016,0.195756,0.804244,0.992254,0.007746,6.281712,0.000098,2.473193,2.64262,5.336462,0.00039,0.004629,0.006044,0.000518,3.491424,0.063339,3.659943
109.930523,1.09930523,0.194048,0.805952,0.993513,0.006487,6.177927,0.000097,2.462236,2.63267,5.337714,0.00039,0.004641,0.005655,0.000518,3.491424,0.053044,3.659942
111.075321,1.11075321,0.192008,0.807992,0.99456,0.00544,6.040438,0.000096,2.449035,2.620591,5.339201,0.00039,0.004654,0.005227,0.000518,3.491424,0.044484,3.659941
112.037064,1.12037064,0.190332,0.809668,0.995086,0.004914,5.918898,0.000096,2.438081,2.610495,5.340418,0.00039,0.004665,0.004943,0.000518,3.491424,0.040185,3.65994
113.004426,1.13004426,0.188679,0.811321,0.995367,0.004633,5.793506,0.000095,2.427184,2.600387,5.341615,0.000391,0.004675,0.004735,0.000518,3.491424,0.037888,3.659938
113.997896,1.13997896,0.187015,0.812985,0.995471,0.004529,5.663207,0.000094,2.416118,2.590057,5.342815,0.000391,0.004685,0.004589,0.000518,3.491424,0.037039,3.659937
115.028423,1.15028423,0.185322,0.814678,0.995443,0.004557,5.527757,0.000093,2.404768,2.579397,5.344031,0.000391,0.004694,0.00449,0.000518,3.491424,0.037263,3.659935
116.05895,1.1605895,0.183663,0.816337,0.995322,0.004678,5.392958,0.000093,2.393548,2.568794,5.345219,0.00039,0.004704,0.004424,0.000518,3.491424,0.038253,3.659934
117.043717,1.17043717,0.182109,0.817891,0.995144,0.004856,5.265369,0.000092,2.382943,2.558716,5.346328,0.00039,0.004712,0.004379,0.000518,3.491424,0.03971,3.659932
117.966348,1.17966348,0.180678,0.819322,0.994934,0.005066,5.147303,0.000091,2.373108,2.549321,5.347345,0.00039,0.00472,0.004346,0.000518,3.491424,0.041424,3.659931
119.02191,1.1902191,0.179072,0.820928,0.994652,0.005348,5.014349,0.00009,2.361976,2.538632,5.348484,0.00039,0.004729,0.004314,0.000518,3.491424,0.043733,3.659929
119.974061,1.19974061,0.177649,0.822351,0.994362,0.005638,4.896654,0.00009,2.352039,2.529042,5.349488,0.00039,0.004737,0.004288,0.000518,3.491424,0.046101,3.659927
120.994525,1.20994525,0.176152,0.823848,0.994017,0.005983,4.773164,0.000089,2.341499,2.518822,5.350543,0.00039,0.004745,0.004261,0.000518,3.491424,0.048924,3.659925
122.083302,1.22083302,0.174584,0.825416,0.99361,0.00639,4.644755,0.000088,2.330375,2.507981,5.351643,0.00039,0.004753,0.004232,0.000518,3.491424,0.052256,3.659923
123.050657,1.23050657,0.173217,0.826783,0.993213,0.006787,4.533854,0.000088,2.320594,2.498406,5.352599,0.00039,0.00476,0.004206,0.000518,3.491424,0.055497,3.659921
124.018012,1.24018012,0.171873,0.828127,0.992784,0.007216,4.426219,0.000087,2.310909,2.488885,5.353537,0.00039,0.004767,0.004178,0.000518,3.491424,0.059008,3.659919
124.920082,1.24920082,0.17064,0.82936,0.992353,0.007647,4.329025,0.000087,2.301961,2.480054,5.354395,0.00039,0.004774,0.004151,0.000518,3.491424,0.062531,3.659917
125.822152,1.25822152,0.169425,0.830575,0.991892,0.008108,4.235121,0.000086,2.293092,2.471269,5.355237,0.00039,0.00478,0.004123,0.000518,3.491424,0.066299,3.659916
127.023407,1.27023407,0.167837,0.832163,0.991231,0.008769,4.115566,0.000085,2.281403,2.459644,5.356336,0.00039,0.004788,0.004086,0.000519,3.491424,0.071707,3.659913
128.148737,1.28148737,0.166378,0.833622,0.990562,0.009438,4.009698,0.000085,2.270576,2.448828,5.357342,0.000389,0.004795,0.00405,0.000519,3.491424,0.077182,3.659911
128.898957,1.28898957,0.16542,0.83458,0.990088,0.009912,3.94264,0.000084,2.263422,2.441657,5.358,0.000389,0.0048,0.004026,0.000519,3.491424,0.081051,3.659909
130.202958,1.30202958,0.163783,0.836217,0.989215,0.010785,3.833226,0.000083,2.251109,2.429271,5.359123,0.000389,0.004808,0.003984,0.000519,3.491424,0.088191,3.659907
131.072292,1.31072292,0.162711,0.837289,0.988598,0.011402,3.765602,0.000083,2.242984,2.421067,5.359856,0.000389,0.004813,0.003958,0.000519,3.491424,0.093235,3.659905
131.941627,1.31941627,0.161654,0.838346,0.987955,0.012045,3.702461,0.000082,2.234924,2.412907,5.360577,0.000389,0.004818,0.003933,0.000519,3.491424,0.098498,3.659904
133.037836,1.33037836,0.160341,0.839659,0.987107,0.012893,3.629518,0.000082,2.224854,2.402678,5.36147,0.000389,0.004824,0.003903,0.000519,3.491424,0.105429,3.659902
134.134045,1.34134045,0.159051,0.840949,0.986223,0.013777,3.564341,0.000081,2.214884,2.392518,5.362346,0.000389,0.00483,0.003877,0.000519,3.491424,0.112659,3.6599
135.230255,1.35230255,0.157783,0.842217,0.985307,0.014693,3.507241,0.000081,2.205012,2.382426,5.363204,0.000388,0.004835,0.003856,0.000519,3.491424,0.120154,3.659898
135.778359,1.35778359,0.157157,0.842843,0.984838,0.015162,3.481805,0.00008,2.200113,2.377406,5.363627,0.000388,0.004838,0.003846,0.000519,3.491424,0.123988,3.659897
136.900753,1.36900753,0.155892,0.844108,0.98386,0.01614,3.436347,0.00008,2.190156,2.367178,5.36448,0.000388,0.004844,0.003832,0.000519,3.491424,0.131986,3.659896
138.023146,1.38023146,0.154647,0.845353,0.982863,0.017137,3.399957,0.000079,2.180298,2.357021,5.365316,0.000388,0.004849,0.003824,0.000519,3.491424,0.140134,3.659895
139.14554,1.3914554,0.153424,0.846576,0.981856,0.018144,3.372769,0.000079,2.170536,2.346935,5.366137,0.000388,0.004854,0.003823,0.000519,3.491424,0.14837,3.659894
140.267933,1.40267933,0.152221,0.847779,0.980846,0.019154,3.354845,0.000078,2.16087,2.336919,5.366941,0.000387,0.00486,0.00383,0.000519,3.491424,0.156627,3.659894
141.198997,1.41198997,0.151237,0.848763,0.980013,0.019987,3.346995,0.000078,2.152923,2.328663,5.367597,0.000387,0.004864,0.003841,0.000519,3.491424,0.163441,3.659893
142.130061,1.42130061,0.150267,0.849733,0.979189,0.020811,3.345457,0.000077,2.145039,2.320456,5.368243,0.000387,0.004868,0.003858,0.000519,3.491424,0.170177,3.659893
143.061125,1.43061125,0.14931,0.85069,0.97838,0.02162,3.350138,0.000077,2.137217,2.312296,5.368879,0.000387,0.004872,0.00388,0.000519,3.491424,0.176794,3.659893
144.009694,1.44009694,0.148349,0.851651,0.977576,0.022424,3.361166,0.000076,2.129312,2.304032,5.369517,0.000387,0.004876,0.003909,0.000519,3.491424,0.183366,3.659894
144.975768,1.44975768,0.147382,0.852618,0.976785,0.023215,3.378703,0.000076,2.121326,2.295666,5.370157,0.000387,0.00488,0.003944,0.000519,3.491424,0.189838,3.659894
146.171026,1.46171026,0.146205,0.853795,0.975852,0.024148,3.408847,0.000075,2.111534,2.285385,5.370934,0.000386,0.004885,0.003996,0.000519,3.491424,0.197466,3.659895
146.967865,1.46967865,0.14543,0.85457,0.975264,0.024736,3.433884,0.000075,2.10506,2.278574,5.371445,0.000386,0.004889,0.004035,0.000519,3.491424,0.202279,3.659896
148.093967,1.48093967,0.144351,0.855649,0.974484,0.025516,3.475593,0.000074,2.095983,2.269007,5.372155,0.000386,0.004893,0.004097,0.000519,3.491424,0.208655,3.659897
149.081757,1.49081757,0.143417,0.856583,0.973856,0.026144,3.517856,0.000074,2.08809,2.26067,5.372767,0.000386,0.004897,0.004156,0.000519,3.491424,0.213791,3.659898
150.116309,1.50116309,0.142453,0.857547,0.973259,0.026741,3.567307,0.000073,2.079891,2.251995,5.373399,0.000386,0.004902,0.004224,0.000519,3.491424,0.218668,3.6599
150.868362,1.50868362,0.14176,0.85824,0.972868,0.027132,3.606276,0.000073,2.073974,2.245724,5.373852,0.000386,0.004905,0.004276,0.000519,3.491424,0.221868,3.659901
151.996442,1.51996442,0.140735,0.859265,0.972352,0.027648,3.668952,0.000073,2.065166,2.236373,5.374521,0.000386,0.00491,0.004358,0.000519,3.491424,0.226089,3.659903
152.849774,1.52849774,0.139969,0.860031,0.97202,0.02798,3.719299,0.000072,2.058555,2.229344,5.37502,0.000386,0.004914,0.004422,0.000519,3.491424,0.2288,3.659904
153.804387,1.53804387,0.139122,0.860878,0.971712,0.028288,3.778126,0.000072,2.051213,2.221525,5.375571,0.000385,0.004918,0.004497,0.000519,3.491424,0.23132,3.659905
155.236305,1.55236305,0.137872,0.862128,0.971377,0.028623,3.870216,0.000071,2.040303,2.209885,5.376382,0.000385,0.004925,0.004611,0.000519,3.491424,0.234058,3.659908
156.200889,1.56200889,0.137043,0.862957,0.97124,0.02876,3.934057,0.000071,2.033023,2.202103,5.376919,0.000385,0.004929,0.004689,0.000519,3.491424,0.235186,3.659909
157.175445,1.57175445,0.136216,0.863784,0.971172,0.028828,3.999376,0.00007,2.025723,2.194288,5.377454,0.000385,0.004934,0.004768,0.000519,3.491424,0.235735,3.659911
158.150001,1.58150001,0.135399,0.864601,0.971177,0.028823,4.06494,0.00007,2.018478,2.186522,5.377981,0.000385,0.004938,0.004846,0.000519,3.491424,0.235695,3.659912
159.124557,1.59124557,0.134592,0.865408,0.971253,0.028747,4.130181,0.00007,2.011287,2.178803,5.378501,0.000385,0.004943,0.004923,0.000519,3.491424,0.235076,3.659914
160.282869,1.60282869,0.133646,0.866354,0.971432,0.028568,4.206533,0.000069,2.00281,2.16969,5.37911,0.000385,0.004949,0.005011,0.000519,3.491424,0.233608,3.659915
160.862025,1.60862025,0.133178,0.866822,0.971557,0.028443,4.243959,0.000069,1.998599,2.165159,5.37941,0.000385,0.004952,0.005054,0.000519,3.491424,0.232586,3.659916
162.020338,1.62020338,0.132252,0.867748,0.971875,0.028125,4.316766,0.000068,1.990234,2.156146,5.380004,0.000386,0.004958,0.005135,0.000519,3.491424,0.229992,3.659917
163.17865,1.6317865,0.131339,0.868661,0.972276,0.027724,4.386162,0.000068,1.981941,2.147198,5.380588,0.000386,0.004964,0.005211,0.000519,3.491424,0.226709,3.659919
163.757806,1.63757806,0.130887,0.869113,0.972506,0.027494,4.419339,0.000068,1.977822,2.142748,5.380877,0.000386,0.004967,0.005246,0.000519,3.491424,0.224827,3.659919
164.916118,1.64916118,0.129993,0.870007,0.97302,0.02698,4.48221,0.000067,1.969637,2.133897,5.381447,0.000386,0.004973,0.005312,0.000519,3.491424,0.220626,3.65992
166.07443,1.6607443,0.129112,0.870888,0.973598,0.026402,4.539902,0.000067,1.961522,2.125111,5.382009,0.000386,0.004979,0.005369,0.000519,3.491424,0.215902,3.659921
167.105418,1.67105418,0.128338,0.871662,0.974158,0.025842,4.586441,0.000067,1.954357,2.117344,5.382501,0.000386,0.004984,0.005413,0.000519,3.491424,0.21132,3.659922
168.167541,1.68167541,0.12755,0.87245,0.974773,0.025227,4.629279,0.000066,1.947033,2.109395,5.383002,0.000386,0.00499,0.005451,0.000519,3.491424,0.206295,3.659923
168.875624,1.68875624,0.127031,0.872969,0.975199,0.024801,4.654812,0.000066,1.942182,2.104125,5.383331,0.000386,0.004994,0.005471,0.000519,3.491424,0.202806,3.659923
170.080129,1.70080129,0.126156,0.873844,0.975948,0.024052,4.692465,0.000065,1.933986,2.095213,5.383885,0.000386,0.005,0.005498,0.000519,3.491424,0.196681,3.659924
171.072976,1.71072976,0.125445,0.874555,0.97658,0.02342,4.717885,0.000065,1.927285,2.087918,5.384334,0.000387,0.005005,0.005513,0.000519,3.491424,0.191514,3.659924
172.065823,1.72065823,0.124742,0.875258,0.977217,0.022783,4.738149,0.000065,1.920631,2.080668,5.384778,0.000387,0.00501,0.00552,0.000519,3.491424,0.186303,3.659925
173.058669,1.73058669,0.124047,0.875953,0.977853,0.022147,4.753239,0.000064,1.914025,2.073462,5.385216,0.000387,0.005016,0.005521,0.000519,3.491424,0.181104,3.659925
174.051516,1.74051516,0.123359,0.876641,0.978481,0.021519,4.763197,0.000064,1.907465,2.066301,5.385649,0.000387,0.005021,0.005514,0.000519,3.491424,0.175973,3.659925
175.044363,1.75044363,0.12268,0.87732,0.979093,0.020907,4.768115,0.000064,1.900952,2.059185,5.386076,0.000387,0.005026,0.005501,0.000519,3.491424,0.170961,3.659925
176.03721,1.7603721,0.122008,0.877992,0.979686,0.020314,4.768137,0.000063,1.894484,2.052111,5.386498,0.000387,0.005031,0.005483,0.000519,3.491424,0.166119,3.659925
177.030057,1.77030057,0.121343,0.878657,0.980251,0.019749,4.763455,0.000063,1.888061,2.045082,5.386915,0.000387,0.005035,0.005459,0.000519,3.491424,0.161492,3.659925
178.022904,1.78022904,0.120686,0.879314,0.980786,0.019214,4.754303,0.000063,1.881683,2.038095,5.387326,0.000387,0.00504,0.005429,0.000519,3.491424,0.157121,3.659925
179.042024,1.79042024,0.120019,0.879981,0.981297,0.018703,4.740548,0.000063,1.875182,2.030969,5.387743,0.000388,0.005045,0.005395,0.000519,3.491424,0.152941,3.659925
180.087418,1.80087418,0.119342,0.880658,0.981778,0.018222,4.722193,0.000062,1.868561,2.023704,5.388166,0.000388,0.00505,0.005356,0.000519,3.491424,0.149008,3.659924
181.132812,1.81132812,0.118673,0.881327,0.982211,0.017789,4.69993,0.000062,1.861987,2.016487,5.388583,0.000388,0.005054,0.005314,0.000519,3.491424,0.145466,3.659924
182.178206,1.82178206,0.118012,0.881988,0.982594,0.017406,4.674178,0.000062,1.855461,2.009316,5.388995,0.000388,0.005059,0.005269,0.000519,3.491424,0.142337,3.659924
182.866637,1.82866637,0.11758,0.88242,0.982817,0.017183,4.655527,0.000061,1.851189,2.004619,5.389263,0.000388,0.005062,0.005238,0.000519,3.491424,0.140509,3.659923
184.120756,1.84120756,0.116802,0.883198,0.983165,0.016835,4.618576,0.000061,1.843458,1.996113,5.389746,0.000388,0.005067,0.005182,0.000519,3.491424,0.137667,3.659923
185.252134,1.85252134,0.11611,0.88389,0.983412,0.016588,4.582502,0.000061,1.83654,1.988495,5.390176,0.000388,0.005071,0.005131,0.000519,3.491424,0.135646,3.659922
185.817823,1.85817823,0.115766,0.884234,0.983512,0.016488,4.563681,0.00006,1.833101,1.984706,5.390389,0.000388,0.005073,0.005105,0.000519,3.491424,0.134829,3.659922
186.9492,1.869492,0.115086,0.884914,0.983665,0.016335,4.524833,0.00006,1.826261,1.977167,5.39081,0.000388,0.005078,0.005055,0.000519,3.491424,0.133576,3.659921
188.080578,1.88080578,0.114413,0.885587,0.983758,0.016242,4.484851,0.00006,1.819474,1.96968,5.391226,0.000388,0.005082,0.005006,0.000519,3.491424,0.13282,3.65992
189.211955,1.89211955,0.113749,0.886251,0.983791,0.016209,4.444288,0.000059,1.812738,1.962244,5.391636,0.000388,0.005086,0.004959,0.000519,3.491424,0.132544,3.65992
190.124199,1.90124199,0.113219,0.886781,0.983778,0.016222,4.411519,0.000059,1.807343,1.956286,5.391963,0.000388,0.005089,0.004923,0.000519,3.491424,0.132655,3.659919
191.036443,1.91036443,0.112694,0.887306,0.98373,0.01627,4.378983,0.000059,1.801981,1.95036,5.392286,0.000388,0.005091,0.004889,0.000519,3.491424,0.133049,3.659918
191.948687,1.91948687,0.112173,0.887827,0.983648,0.016352,4.346932,0.000059,1.796651,1.944467,5.392606,0.000388,0.005094,0.004857,0.000519,3.491424,0.133714,3.659918
192.860932,1.92860932,0.111658,0.888342,0.983536,0.016464,4.315604,0.000058,1.791353,1.938607,5.392923,0.000388,0.005097,0.004827,0.000519,3.491424,0.134632,3.659917
193.801554,1.93801554,0.111131,0.888869,0.98339,0.01661,4.284296,0.000058,1.785923,1.932598,5.393246,0.000388,0.0051,0.004798,0.000519,3.491424,0.135827,3.659917
195.212488,1.95212488,0.110351,0.889649,0.983118,0.016882,4.239719,0.000058,1.777841,1.923649,5.393725,0.000388,0.005104,0.004759,0.000519,3.491424,0.138052,3.659916
196.153111,1.96153111,0.109837,0.890163,0.982905,0.017095,4.211892,0.000058,1.772494,1.917724,5.394039,0.000388,0.005106,0.004736,0.000519,3.491424,0.139796,3.659915
197.096335,1.97096335,0.109326,0.890674,0.982668,0.017332,4.185725,0.000057,1.767164,1.911817,5.394352,0.000388,0.005109,0.004715,0.000519,3.491424,0.141731,3.659915
198.042159,1.98042159,0.108819,0.891181,0.98241,0.01759,4.161399,0.000057,1.761853,1.905927,5.394662,0.000388,0.005111,0.004698,0.000519,3.491424,0.143838,3.659914
198.987984,1.98987984,0.108316,0.891684,0.982135,0.017865,4.139138,0.000057,1.756574,1.90007,5.394969,0.000388,0.005114,0.004682,0.000519,3.491424,0.146092,3.659914
199.815709,1.99815709,0.10788,0.89212,0.981881,0.018119,4.121452,0.000057,1.75198,1.894972,5.395235,0.000388,0.005116,0.004671,0.000519,3.491424,0.148168,3.659913
201.057297,2.01057297,0.107232,0.892768,0.981482,0.018518,4.098231,0.000056,1.745134,1.887371,5.395629,0.000388,0.005119,0.004658,0.000519,3.491424,0.151432,3.659913
201.928471,2.01928471,0.106783,0.893217,0.981191,0.018809,4.084401,0.000056,1.740363,1.882072,5.395903,0.000388,0.005121,0.004652,0.000519,3.491424,0.153806,3.659913
202.843096,2.02843096,0.106315,0.893685,0.98088,0.01912,4.072134,0.000056,1.735383,1.876537,5.396187,0.000387,0.005123,0.004648,0.000519,3.491424,0.156354,3.659912
204.215032,2.04215032,0.10562,0.89438,0.980405,0.019595,4.058146,0.000055,1.727965,1.868291,5.396609,0.000387,0.005126,0.004646,0.000519,3.491424,0.16024,3.659912
204.784495,2.04784495,0.105335,0.894665,0.980206,0.019794,4.053911,0.000055,1.724905,1.864888,5.396782,0.000387,0.005127,0.004647,0.000519,3.491424,0.161863,3.659912
205.923422,2.05923422,0.104768,0.895232,0.97981,0.02019,4.048211,0.000055,1.718818,1.858117,5.397125,0.000387,0.00513,0.004651,0.000519,3.491424,0.165101,3.659912
207.062348,2.07062348,0.104208,0.895792,0.979419,0.020581,4.046181,0.000055,1.712773,1.85139,5.397465,0.000387,0.005132,0.00466,0.000519,3.491424,0.1683,3.659912
207.988755,2.07988755,0.103756,0.896244,0.979107,0.020893,4.047193,0.000055,1.707889,1.845952,5.397738,0.000387,0.005134,0.004669,0.000519,3.491424,0.170851,3.659912
208.915163,2.08915163,0.103309,0.896691,0.978803,0.021197,4.050539,0.000054,1.703032,1.840544,5.398008,0.000387,0.005136,0.004681,0.000519,3.491424,0.173336,3.659912
209.84157,2.0984157,0.102865,0.897135,0.978509,0.021491,4.05615,0.000054,1.698202,1.835164,5.398276,0.000387,0.005138,0.004695,0.000519,3.491424,0.175738,3.659912
210.843643,2.10843643,0.10239,0.89761,0.978205,0.021795,4.064672,0.000054,1.69301,1.829378,5.398563,0.000387,0.00514,0.004712,0.000519,3.491424,0.178225,3.659912
211.921383,2.11921383,0.101883,0.898117,0.977897,0.022103,4.07654,0.000054,1.68746,1.823193,5.398868,0.000387,0.005143,0.004734,0.000519,3.491424,0.180749,3.659912
212.999123,2.12999123,0.101382,0.898618,0.97761,0.02239,4.091034,0.000053,1.681947,1.817047,5.39917,0.000387,0.005145,0.004757,0.000519,3.491424,0.183094,3.659913
214.076863,2.14076863,0.100885,0.899115,0.977347,0.022653,4.107951,0.000053,1.676471,1.810938,5.399469,0.000387,0.005147,0.004783,0.000519,3.491424,0.185242,3.659913
214.696035,2.14696035,0.100602,0.899398,0.977208,0.022792,4.11868,0.000053,1.67334,1.807446,5.399639,0.000387,0.005149,0.004799,0.000519,3.491424,0.18638,3.659913
215.934378,2.15934378,0.10004,0.89996,0.976957,0.023043,4.142135,0.000053,1.667115,1.8005,5.399976,0.000387,0.005151,0.004832,0.000519,3.491424,0.188429,3.659914
216.837866,2.16837866,0.099635,0.900365,0.976799,0.023201,4.160748,0.000052,1.662602,1.795463,5.400219,0.000387,0.005153,0.004857,0.000519,3.491424,0.189726,3.659914
217.857194,2.17857194,0.099181,0.900819,0.976646,0.023354,4.183052,0.000052,1.65754,1.789812,5.400491,0.000387,0.005156,0.004886,0.000519,3.491424,0.190979,3.659915
218.876523,2.18876523,0.098731,0.901269,0.97652,0.02348,4.206515,0.000052,1.652509,1.784194,5.40076,0.000387,0.005158,0.004917,0.000519,3.491424,0.192001,3.659915
219.985711,2.19985711,0.098246,0.901754,0.976417,0.023583,4.233087,0.000052,1.647068,1.778118,5.40105,0.000386,0.005161,0.00495,0.000519,3.491424,0.192848,3.659916
221.094899,2.21094899,0.097767,0.902233,0.976348,0.023652,4.260443,0.000052,1.641664,1.77208,5.401337,0.000386,0.005163,0.004984,0.000519,3.491424,0.193414,3.659916
221.83522,2.2183522,0.097449,0.902551,0.976321,0.023679,4.278983,0.000051,1.638077,1.768072,5.401527,0.000386,0.005165,0.005006,0.000519,3.491424,0.193637,3.659917
222.9457,2.229457,0.096976,0.903024,0.976308,0.023692,4.306986,0.000051,1.632725,1.762091,5.401809,0.000386,0.005168,0.005039,0.000519,3.491424,0.193738,3.659917
224.112816,2.24112816,0.096484,0.903516,0.976331,0.023669,4.33637,0.000051,1.627138,1.755845,5.402102,0.000386,0.005171,0.005073,0.000519,3.491424,0.193552,3.659918
224.909771,2.24909771,0.096151,0.903849,0.976367,0.023633,4.356232,0.000051,1.623345,1.751605,5.4023,0.000386,0.005172,0.005095,0.000519,3.491424,0.193258,3.659918
226.105203,2.26105203,0.095656,0.904344,0.976451,0.023549,4.385454,0.00005,1.617689,1.745279,5.402595,0.000386,0.005175,0.005127,0.000519,3.491424,0.192573,3.659919
226.902159,2.26902159,0.095328,0.904672,0.976525,0.023475,4.404407,0.00005,1.613939,1.741086,5.40279,0.000387,0.005178,0.005148,0.000519,3.491424,0.191961,3.659919
227.818846,2.27818846,0.094955,0.905045,0.976629,0.023371,4.425541,0.00005,1.609648,1.736286,5.403012,0.000387,0.00518,0.00517,0.000519,3.491424,0.191113,3.659919
229.193878,2.29193878,0.094399,0.905601,0.976817,0.023183,4.455618,0.00005,1.603255,1.729132,5.403342,0.000387,0.005183,0.005201,0.000519,3.491424,0.189576,3.65992
230.038931,2.30038931,0.094061,0.905939,0.97695,0.02305,4.472979,0.00005,1.59935,1.724763,5.403542,0.000387,0.005186,0.005218,0.000519,3.491424,0.188487,3.65992
230.812349,2.30812349,0.093754,0.906246,0.977082,0.022918,4.488027,0.00005,1.595793,1.720782,5.403724,0.000387,0.005188,0.005232,0.000519,3.491424,0.187405,3.65992
231.972477,2.31972477,0.093297,0.906703,0.977297,0.022703,4.508958,0.000049,1.590488,1.714844,5.403995,0.000387,0.005191,0.005251,0.000519,3.491424,0.185648,3.659921
232.887628,2.32887628,0.09294,0.90706,0.977479,0.022521,4.52398,0.000049,1.586327,1.710186,5.404207,0.000387,0.005193,0.005264,0.000519,3.491424,0.184163,3.659921
233.802779,2.33802779,0.092585,0.907415,0.977669,0.022331,4.53761,0.000049,1.582189,1.705552,5.404416,0.000387,0.005195,0.005275,0.000519,3.491424,0.182607,3.659921
234.71793,2.3471793,0.092233,0.907767,0.977866,0.022134,4.549788,0.000049,1.578071,1.700942,5.404624,0.000387,0.005198,0.005284,0.000519,3.491424,0.180995,3.659921
235.913397,2.35913397,0.091777,0.908223,0.978131,0.021869,4.563439,0.000049,1.572725,1.694955,5.404894,0.000387,0.005201,0.005293,0.000519,3.491424,0.17883,3.659922
237.108864,2.37108864,0.091326,0.908674,0.978401,0.021599,4.574476,0.000048,1.567415,1.689007,5.40516,0.000387,0.005204,0.005298,0.000519,3.491424,0.176626,3.659922
237.706598,2.37706598,0.091102,0.908898,0.978536,0.021464,4.579004,0.000048,1.564773,1.686048,5.405292,0.000387,0.005206,0.005299,0.000519,3.491424,0.175521,3.659922
238.788813,2.38788813,0.090699,0.909301,0.97878,0.02122,4.585523,0.000048,1.560013,1.680715,5.405529,0.000387,0.005208,0.0053,0.000519,3.491424,0.173528,3.659922
239.757777,2.39757777,0.090341,0.909659,0.978995,0.021005,4.589542,0.000048,1.555775,1.675968,5.40574,0.000387,0.005211,0.005298,0.000519,3.491424,0.171769,3.659922
241.211223,2.41211223,0.08981,0.91019,0.979307,0.020693,4.592424,0.000048,1.549462,1.668893,5.406052,0.000387,0.005214,0.005292,0.000519,3.491424,0.169212,3.659922
241.74483,2.4174483,0.089616,0.910384,0.979418,0.020582,4.592562,0.000047,1.547156,1.66631,5.406166,0.000387,0.005216,0.005289,0.000519,3.491424,0.168306,3.659922
242.812043,2.42812043,0.089232,0.910768,0.979632,0.020368,4.591416,0.000047,1.542566,1.661166,5.406392,0.000387,0.005218,0.005281,0.000519,3.491424,0.166558,3.659922
243.879257,2.43879257,0.088851,0.911149,0.979833,0.020167,4.588456,0.000047,1.538004,1.656052,5.406616,0.000387,0.005221,0.005271,0.000519,3.491424,0.16491,3.659922
244.946471,2.44946471,0.088473,0.911527,0.980021,0.019979,4.583797,0.000047,1.533468,1.650968,5.406838,0.000387,0.005223,0.00526,0.000519,3.491424,0.163377,3.659922
246.328532,2.46328532,0.087988,0.912012,0.98024,0.01976,4.575452,0.000047,1.527633,1.644428,5.407122,0.000387,0.005227,0.005243,0.000519,3.491424,0.161582,3.659922
247.019562,2.47019562,0.087748,0.912252,0.98034,0.01966,4.57039,0.000046,1.524732,1.641176,5.407262,0.000387,0.005228,0.005234,0.000519,3.491424,0.160771,3.659922
247.710592,2.47710592,0.087509,0.912491,0.980431,0.019569,4.564788,0.000046,1.521842,1.637936,5.407402,0.000387,0.00523,0.005225,0.000519,3.491424,0.160022,3.659922
249.092653,2.49092653,0.087034,0.912966,0.980591,0.019409,4.552141,0.000046,1.516095,1.631493,5.40768,0.000387,0.005233,0.005205,0.000519,3.491424,0.158715,3.659922
249.783683,2.49783683,0.086799,0.913201,0.980659,0.019341,4.545185,0.000046,1.513238,1.628289,5.407817,0.000387,0.005234,0.005195,0.000519,3.491424,0.158159,3.659921
250.626123,2.50626123,0.086514,0.913486,0.980731,0.019269,4.536221,0.000046,1.509769,1.6244,5.407984,0.000387,0.005236,0.005182,0.000519,3.491424,0.157572,3.659921
252.311002,2.52311002,0.085949,0.914051,0.980838,0.019162,4.51702,0.000046,1.502878,1.616673,5.408314,0.000387,0.005239,0.005157,0.000519,3.491424,0.156697,3.659921
253.153442,2.53153442,0.08567,0.91433,0.980873,0.019127,4.506951,0.000045,1.499457,1.612836,5.408477,0.000387,0.005241,0.005144,0.000519,3.491424,0.15641,3.659921
253.848937,2.53848937,0.085441,0.914559,0.980893,0.019107,4.498484,0.000045,1.496643,1.609681,5.40861,0.000387,0.005242,0.005134,0.000519,3.491424,0.156246,3.659921
255.239928,2.55239928,0.084985,0.915015,0.980909,0.019091,4.481324,0.000045,1.491048,1.603406,5.408876,0.000387,0.005245,0.005114,0.000519,3.491424,0.156116,3.65992
255.935423,2.55935423,0.08476,0.91524,0.980905,0.019095,4.47272,0.000045,1.488266,1.600286,5.409007,0.000387,0.005246,0.005104,0.000519,3.491424,0.156147,3.65992
257.326414,2.57326414,0.084312,0.915688,0.980875,0.019125,4.455685,0.000045,1.482733,1.594081,5.409268,0.000387,0.005249,0.005085,0.000519,3.491424,0.156391,3.65992
258.02191,2.5802191,0.084089,0.915911,0.98085,0.01915,4.447335,0.000045,1.479981,1.590995,5.409397,0.000387,0.00525,0.005077,0.000519,3.491424,0.1566,3.65992
258.717405,2.58717405,0.083868,0.916132,0.980817,0.019183,4.43915,0.000045,1.47724,1.58792,5.409525,0.000387,0.005251,0.005068,0.000519,3.491424,0.156864,3.65992
259.953124,2.59953124,0.083478,0.916522,0.980744,0.019256,4.425129,0.000044,1.472395,1.582486,5.409752,0.000387,0.005253,0.005055,0.000519,3.491424,0.157461,3.659919
260.840883,2.60840883,0.083201,0.916799,0.98068,0.01932,4.41556,0.000044,1.468933,1.578603,5.409913,0.000387,0.005255,0.005046,0.000519,3.491424,0.157984,3.659919
262.172521,2.62172521,0.082787,0.917213,0.980568,0.019432,4.402156,0.000044,1.463771,1.572813,5.410153,0.000387,0.005257,0.005034,0.000519,3.491424,0.1589,3.659919
263.139411,2.63139411,0.082489,0.917511,0.980476,0.019524,4.393238,0.000044,1.460045,1.568634,5.410326,0.000387,0.005259,0.005027,0.000519,3.491424,0.159654,3.659919
264.185433,2.64185433,0.08217,0.91783,0.980368,0.019632,4.384449,0.000044,1.456036,1.564137,5.410511,0.000387,0.00526,0.005021,0.000519,3.491424,0.160542,3.659919
265.231455,2.65231455,0.081853,0.918147,0.980251,0.019749,4.376623,0.000043,1.452048,1.559665,5.410694,0.000387,0.005262,0.005015,0.000519,3.491424,0.161495,3.659918
265.754466,2.65754466,0.081695,0.918305,0.98019,0.01981,4.373092,0.000043,1.450062,1.557438,5.410786,0.000387,0.005263,0.005013,0.000519,3.491424,0.161992,3.659918
267.039721,2.67039721,0.08131,0.91869,0.980035,0.019965,4.365542,0.000043,1.445206,1.55199,5.411008,0.000387,0.005264,0.005009,0.000519,3.491424,0.16326,3.659918
267.682348,2.67682348,0.081119,0.918881,0.979955,0.020045,4.362388,0.000043,1.442789,1.54928,5.411119,0.000387,0.005265,0.005008,0.000519,3.491424,0.163913,3.659918
268.967603,2.68967603,0.08074,0.91926,0.979792,0.020208,4.357355,0.000043,1.437981,1.543887,5.411338,0.000387,0.005267,0.005007,0.000519,3.491424,0.165248,3.659918
270.125157,2.70125157,0.080401,0.919599,0.979643,0.020357,4.354301,0.000043,1.433677,1.53906,5.411533,0.000387,0.005269,0.005008,0.000519,3.491424,0.166465,3.659918
270.950496,2.70950496,0.080161,0.919839,0.979537,0.020463,4.352985,0.000043,1.430624,1.535636,5.411672,0.000387,0.00527,0.00501,0.000519,3.491424,0.167334,3.659918
272.188503,2.72188503,0.079804,0.920196,0.979379,0.020621,4.35235,0.000042,1.426069,1.530527,5.411878,0.000387,0.005272,0.005014,0.000519,3.491424,0.168624,3.659918
273.014292,2.73014292,0.079568,0.920432,0.979276,0.020724,4.352807,0.000042,1.423046,1.527137,5.412014,0.000387,0.005273,0.005017,0.000519,3.491424,0.169469,3.659918
273.840532,2.73840532,0.079332,0.920668,0.979175,0.020825,4.353956,0.000042,1.420035,1.52376,5.412149,0.000387,0.005274,0.005021,0.000519,3.491424,0.170296,3.659918
275.079893,2.75079893,0.078982,0.921018,0.979029,0.020971,4.356936,0.000042,1.415542,1.51872,5.412351,0.000387,0.005276,0.005029,0.000519,3.491424,0.171492,3.659918
276.066407,2.76066407,0.078706,0.921294,0.978918,0.021082,4.360343,0.000042,1.411985,1.514732,5.41251,0.000387,0.005277,0.005036,0.000519,3.491424,0.172396,3.659918
277.052921,2.77052921,0.078431,0.921569,0.978813,0.021187,4.364619,0.000042,1.408446,1.510763,5.412668,0.000387,0.005279,0.005044,0.000519,3.491424,0.173252,3.659918
278.039435,2.78039435,0.078158,0.921842,0.978715,0.021285,4.369712,0.000042,1.404925,1.506814,5.412825,0.000387,0.00528,0.005052,0.000519,3.491424,0.174052,3.659918
279.20406,2.7920406,0.077839,0.922161,0.97861,0.02139,4.376698,0.000041,1.40079,1.502178,5.413008,0.000387,0.005282,0.005063,0.000519,3.491424,0.174918,3.659918
279.786373,2.79786373,0.07768,0.92232,0.978561,0.021439,4.380556,0.000041,1.398732,1.49987,5.4131,0.000387,0.005282,0.005069,0.000519,3.491424,0.175317,3.659918
280.950998,2.80950998,0.077364,0.922636,0.978472,0.021528,4.388932,0.000041,1.394633,1.495274,5.413281,0.000387,0.005284,0.005081,0.000519,3.491424,0.176041,3.659919
282.115624,2.82115624,0.077051,0.922949,0.978396,0.021604,4.398093,0.000041,1.390558,1.490705,5.41346,0.000387,0.005286,0.005094,0.000519,3.491424,0.176662,3.659919
283.056532,2.83056532,0.0768,0.9232,0.978344,0.021656,4.405982,0.000041,1.387283,1.487034,5.413604,0.000387,0.005287,0.005104,0.000519,3.491424,0.177086,3.659919
283.997441,2.83997441,0.07655,0.92345,0.978301,0.021699,4.414237,0.000041,1.384024,1.483379,5.413747,0.000387,0.005288,0.005115,0.000519,3.491424,0.177438,3.659919
284.811979,2.84811979,0.076336,0.923664,0.978271,0.021729,4.421625,0.000041,1.381214,1.480229,5.41387,0.000387,0.00529,0.005124,0.000519,3.491424,0.177685,3.659919
285.813782,2.85813782,0.076073,0.923927,0.978243,0.021757,4.430953,0.000041,1.377774,1.476373,5.414021,0.000387,0.005291,0.005136,0.000519,3.491424,0.177913,3.659919
286.815586,2.86815586,0.075813,0.924187,0.978226,0.021774,4.440467,0.00004,1.374351,1.472536,5.41417,0.000387,0.005292,0.005147,0.000519,3.491424,0.178059,3.65992
287.81739,2.8781739,0.075554,0.924446,0.978218,0.021782,4.450086,0.00004,1.370945,1.468718,5.414318,0.000387,0.005294,0.005159,0.000519,3.491424,0.178122,3.65992
288.846875,2.88846875,0.07529,0.92471,0.97822,0.02178,4.459994,0.00004,1.367462,1.464814,5.414469,0.000387,0.005295,0.00517,0.000519,3.491424,0.178104,3.65992
289.87636,2.8987636,0.075027,0.924973,0.978232,0.021768,4.46984,0.00004,1.363996,1.46093,5.414619,0.000387,0.005297,0.005181,0.000519,3.491424,0.178004,3.65992
290.905846,2.90905846,0.074767,0.925233,0.978254,0.021746,4.479544,0.00004,1.360548,1.457065,5.414767,0.000387,0.005299,0.005192,0.000519,3.491424,0.177826,3.65992
291.98217,2.9198217,0.074496,0.925504,0.978287,0.021713,4.489448,0.00004,1.356962,1.453046,5.414922,0.000387,0.0053,0.005203,0.000519,3.491424,0.177559,3.65992
293.105332,2.93105332,0.074216,0.925784,0.97833,0.02167,4.499433,0.00004,1.353239,1.448875,5.415082,0.000387,0.005302,0.005213,0.000519,3.491424,0.1772,3.659921
294.228495,2.94228495,0.073938,0.926062,0.978384,0.021616,4.50897,0.000039,1.349537,1.444726,5.41524,0.000387,0.005304,0.005223,0.000519,3.491424,0.176765,3.659921
294.790077,2.94790077,0.0738,0.9262,0.978414,0.021586,4.513546,0.000039,1.347693,1.44266,5.415319,0.000387,0.005304,0.005227,0.000519,3.491424,0.176521,3.659921
296.044879,2.96044879,0.073492,0.926508,0.978487,0.021513,4.523244,0.000039,1.343591,1.438065,5.415494,0.000387,0.005306,0.005236,0.000519,3.491424,0.175919,3.659921
296.738099,2.96738099,0.073324,0.926676,0.978531,0.021469,4.528265,0.000039,1.341336,1.435538,5.41559,0.000387,0.005307,0.005241,0.000519,3.491424,0.175557,3.659921
298.124541,2.98124541,0.072989,0.927011,0.978627,0.021373,4.53752,0.000039,1.336848,1.43051,5.41578,0.000387,0.005309,0.005249,0.000519,3.491424,0.174777,3.659921
298.817761,2.98817761,0.072823,0.927177,0.978677,0.021323,4.541731,0.000039,1.334615,1.428009,5.415875,0.000387,0.00531,0.005252,0.000519,3.491424,0.174365,3.659921
300.204202,3.00204202,0.072492,0.927508,0.978782,0.021218,4.549274,0.000039,1.330171,1.423032,5.416063,0.000387,0.005313,0.005258,0.000519,3.491424,0.173504,3.659921
300.908011,3.00908011,0.072326,0.927674,0.978837,0.021163,4.552639,0.000039,1.327927,1.420518,5.416157,0.000387,0.005314,0.00526,0.000519,3.491424,0.173054,3.659922
302.315627,3.02315627,0.071995,0.928005,0.978949,0.021051,4.55841,0.000038,1.32346,1.415515,5.416345,0.000387,0.005316,0.005264,0.000519,3.491424,0.172138,3.659922
303.019436,3.03019436,0.071831,0.928169,0.979006,0.020994,4.56081,0.000038,1.321238,1.413027,5.416439,0.000387,0.005317,0.005265,0.000519,3.491424,0.171677,3.659922
303.723244,3.03723244,0.071667,0.928333,0.979062,0.020938,4.562885,0.000038,1.319023,1.410547,5.416531,0.000387,0.005318,0.005266,0.000519,3.491424,0.171217,3.659922
305.130861,3.05130861,0.071342,0.928658,0.979174,0.020826,4.566069,0.000038,1.314615,1.405611,5.416716,0.000387,0.00532,0.005266,0.000519,3.491424,0.170306,3.659922
305.867185,3.05867185,0.071173,0.928827,0.97923,0.02077,4.567229,0.000038,1.312321,1.403043,5.416811,0.000387,0.005321,0.005266,0.000519,3.491424,0.16984,3.659922
307.215333,3.07215333,0.070866,0.929134,0.979332,0.020668,4.568477,0.000038,1.308141,1.398364,5.416985,0.000387,0.005323,0.005264,0.000519,3.491424,0.169014,3.659922
307.827157,3.07827157,0.070728,0.929272,0.979376,0.020624,4.568682,0.000038,1.306253,1.39625,5.417064,0.000387,0.005324,0.005263,0.000519,3.491424,0.168653,3.659922
309.050806,3.09050806,0.070452,0.929548,0.97946,0.02054,4.568446,0.000038,1.302493,1.392041,5.41722,0.000387,0.005326,0.00526,0.000519,3.491424,0.167964,3.659922
310.274454,3.10274454,0.070179,0.929821,0.979538,0.020462,4.567397,0.000038,1.298754,1.387857,5.417374,0.000387,0.005327,0.005256,0.000519,3.491424,0.167325,3.659922
310.886278,3.10886278,0.070043,0.929957,0.979575,0.020425,4.566587,0.000037,1.296893,1.385774,5.417451,0.000387,0.005328,0.005254,0.000519,3.491424,0.167026,3.659922
312.199856,3.12199856,0.069754,0.930246,0.979647,0.020353,4.564259,0.000037,1.292914,1.381322,5.417615,0.000387,0.00533,0.00525,0.000519,3.491424,0.166436,3.659922
312.90161,3.1290161,0.0696,0.9304,0.979682,0.020318,4.562711,0.000037,1.290798,1.378954,5.417702,0.000387,0.005331,0.005247,0.000519,3.491424,0.166152,3.659922
314.305118,3.14305118,0.069294,0.930706,0.979743,0.020257,4.559055,0.000037,1.286588,1.374243,5.417875,0.000387,0.005333,0.005241,0.000519,3.491424,0.16565,3.659922
315.006872,3.15006872,0.069142,0.930858,0.979769,0.020231,4.556979,0.000037,1.284493,1.371899,5.41796,0.000387,0.005334,0.005237,0.000519,3.491424,0.165434,3.659922
315.708626,3.15708626,0.068991,0.931009,0.979793,0.020207,4.55476,0.000037,1.282404,1.369563,5.418046,0.000387,0.005335,0.005234,0.000519,3.491424,0.165242,3.659922
317.34792,3.1734792,0.06864,0.93136,0.979836,0.020164,4.549114,0.000037,1.277552,1.364136,5.418244,0.000387,0.005337,0.005226,0.000519,3.491424,0.164888,3.659921
318.28546,3.1828546,0.068441,0.931559,0.979854,0.020146,4.54566,0.000037,1.274793,1.36105,5.418356,0.000387,0.005338,0.005222,0.000519,3.491424,0.164745,3.659921
319.222999,3.19222999,0.068244,0.931756,0.979866,0.020134,4.542092,0.000037,1.272046,1.357978,5.418467,0.000387,0.005339,0.005217,0.000519,3.491424,0.164646,3.659921
320.160539,3.20160539,0.068047,0.931953,0.979873,0.020127,4.538452,0.000036,1.269311,1.354919,5.418578,0.000387,0.00534,0.005213,0.000519,3.491424,0.16459,3.659921
321.098079,3.21098079,0.067851,0.932149,0.979874,0.020126,4.534779,0.000036,1.266587,1.351874,5.418688,0.000387,0.005341,0.005209,0.000519,3.491424,0.164576,3.659921
322.035619,3.22035619,0.067657,0.932343,0.979871,0.020129,4.531112,0.000036,1.263875,1.348841,5.418798,0.000387,0.005342,0.005204,0.000519,3.491424,0.164603,3.659921
322.973158,3.22973158,0.067464,0.932536,0.979863,0.020137,4.527489,0.000036,1.261174,1.345822,5.418907,0.000387,0.005343,0.005201,0.000519,3.491424,0.164669,3.659921
323.910698,3.23910698,0.067271,0.932729,0.97985,0.02015,4.523945,0.000036,1.258485,1.342816,5.419015,0.000387,0.005345,0.005197,0.000519,3.491424,0.164772,3.659921
324.848238,3.24848238,0.06708,0.93292,0.979833,0.020167,4.520514,0.000036,1.255807,1.339823,5.419122,0.000387,0.005346,0.005193,0.000519,3.491424,0.16491,3.659921
325.785778,3.25785778,0.06689,0.93311,0.979812,0.020188,4.51723,0.000036,1.25314,1.336843,5.419229,0.000387,0.005347,0.00519,0.000519,3.491424,0.165082,3.659921
326.723317,3.26723317,0.066701,0.933299,0.979788,0.020212,4.514121,0.000036,1.250485,1.333875,5.419335,0.000387,0.005348,0.005187,0.000519,3.491424,0.165284,3.659921
327.660857,3.27660857,0.066513,0.933487,0.979759,0.020241,4.511215,0.000036,1.247841,1.33092,5.419441,0.000387,0.005349,0.005185,0.000519,3.491424,0.165515,3.659921
328.598397,3.28598397,0.066326,0.933674,0.979728,0.020272,4.508537,0.000036,1.245207,1.327978,5.419546,0.000387,0.00535,0.005183,0.000519,3.491424,0.165771,3.659921
329.535937,3.29535937,0.06614,0.93386,0.979694,0.020306,4.506109,0.000035,1.242585,1.325048,5.41965,0.000387,0.005351,0.005181,0.000519,3.491424,0.166049,3.659921
331.411016,3.31411016,0.065772,0.934228,0.979619,0.020381,4.502082,0.000035,1.237373,1.319226,5.419857,0.000387,0.005353,0.005179,0.000519,3.491424,0.16666,3.659921
332.348556,3.32348556,0.065589,0.934411,0.979579,0.020421,4.500513,0.000035,1.234783,1.316334,5.41996,0.000387,0.005354,0.005178,0.000519,3.491424,0.166988,3.659921
333.286096,3.33286096,0.065407,0.934593,0.979538,0.020462,4.499256,0.000035,1.232204,1.313454,5.420062,0.000387,0.005355,0.005178,0.000519,3.491424,0.167326,3.659921
334.223635,3.34223635,0.065226,0.934774,0.979496,0.020504,4.49832,0.000035,1.229636,1.310586,5.420163,0.000387,0.005356,0.005178,0.000519,3.491424,0.167671,3.659921
335.161175,3.35161175,0.065047,0.934953,0.979453,0.020547,4.497709,0.000035,1.227078,1.30773,5.420264,0.000387,0.005357,0.005179,0.000519,3.491424,0.16802,3.659921
336.098715,3.36098715,0.064868,0.935132,0.97941,0.02059,4.497426,0.000035,1.224531,1.304886,5.420364,0.000387,0.005357,0.00518,0.000519,3.491424,0.168371,3.659921
337.036254,3.37036254,0.06469,0.93531,0.979368,0.020632,4.497472,0.000035,1.221994,1.302054,5.420463,0.000387,0.005358,0.005181,0.000519,3.491424,0.16872,3.659921
337.973794,3.37973794,0.064513,0.935487,0.979325,0.020675,4.497843,0.000035,1.219468,1.299234,5.420562,0.000387,0.005359,0.005183,0.000519,3.491424,0.169064,3.659921
338.911334,3.38911334,0.064337,0.935663,0.979284,0.020716,4.498534,0.000035,1.216952,1.296426,5.420661,0.000387,0.00536,0.005185,0.000519,3.491424,0.169401,3.659921
340.245193,3.40245193,0.064088,0.935912,0.979228,0.020772,4.500051,0.000034,1.21339,1.29245,5.4208,0.000387,0.005362,0.005188,0.000519,3.491424,0.169864,3.659921
340.770473,3.40770473,0.063991,0.936009,0.979206,0.020794,4.500816,0.000034,1.211993,1.290891,5.420854,0.000387,0.005362,0.00519,0.000519,3.491424,0.170039,3.659921
341.821033,3.41821033,0.063797,0.936203,0.979165,0.020835,4.502615,0.000034,1.209208,1.287784,5.420963,0.000387,0.005363,0.005193,0.000519,3.491424,0.170376,3.659921
342.871593,3.42871593,0.063604,0.936396,0.979126,0.020874,4.504757,0.000034,1.206436,1.284692,5.42107,0.000387,0.005364,0.005197,0.000519,3.491424,0.170692,3.659921
343.998214,3.43998214,0.063399,0.936601,0.979088,0.020912,4.507409,0.000034,1.203478,1.281391,5.421185,0.000387,0.005365,0.005201,0.000519,3.491424,0.171005,3.659921
345.200895,3.45200895,0.063181,0.936819,0.979051,0.020949,4.51061,0.000034,1.200335,1.277886,5.421307,0.000387,0.005366,0.005206,0.000519,3.491424,0.171306,3.659921
345.802236,3.45802236,0.063073,0.936927,0.979035,0.020965,4.51234,0.000034,1.19877,1.27614,5.421367,0.000387,0.005367,0.005208,0.000519,3.491424,0.171443,3.659921
347.004917,3.47004917,0.062857,0.937143,0.979005,0.020995,4.516034,0.000034,1.195652,1.272663,5.421488,0.000387,0.005368,0.005213,0.000519,3.491424,0.171688,3.659921
348.308463,3.48308463,0.062625,0.937375,0.978978,0.021022,4.520342,0.000034,1.19229,1.268914,5.421617,0.000387,0.005369,0.005219,0.000519,3.491424,0.171908,3.659921
349.010669,3.49010669,0.062501,0.937499,0.978966,0.021034,4.522773,0.000034,1.190487,1.266904,5.421686,0.000387,0.00537,0.005222,0.000519,3.491424,0.172007,3.659921
349.712875,3.49712875,0.062377,0.937623,0.978955,0.021045,4.525268,0.000033,1.188689,1.264899,5.421755,0.000387,0.005371,0.005225,0.000519,3.491424,0.172091,3.659921
351.117287,3.51117287,0.062131,0.937869,0.97894,0.02106,4.53041,0.000033,1.18511,1.260909,5.421893,0.000387,0.005372,0.005232,0.000519,3.491424,0.172217,3.659921
351.819493,3.51819493,0.062008,0.937992,0.978935,0.021065,4.533038,0.000033,1.183328,1.258923,5.421961,0.000387,0.005373,0.005235,0.000519,3.491424,0.172259,3.659921
352.521699,3.52521699,0.061886,0.938114,0.978931,0.021069,4.535689,0.000033,1.181551,1.256944,5.422029,0.000387,0.005374,0.005238,0.000519,3.491424,0.172286,3.659921
353.519941,3.53519941,0.061714,0.938286,0.97893,0.02107,4.539481,0.000033,1.179035,1.25414,5.422125,0.000387,0.005375,0.005242,0.000519,3.491424,0.1723,3.659921
354.518184,3.54518184,0.061542,0.938458,0.978931,0.021069,4.543272,0.000033,1.176529,1.251348,5.42222,0.000387,0.005376,0.005247,0.000519,3.491424,0.172287,3.659921
355.516426,3.55516426,0.061372,0.938628,0.978936,0.021064,4.547037,0.000033,1.174034,1.248568,5.422315,0.000387,0.005377,0.005251,0.000519,3.491424,0.172247,3.659921
356.514668,3.56514668,0.061202,0.938798,0.978944,0.021056,4.550749,0.000033,1.17155,1.2458,5.422409,0.000387,0.005378,0.005255,0.000519,3.491424,0.172181,3.659922
357.512911,3.57512911,0.061034,0.938966,0.978955,0.021045,4.554383,0.000033,1.169075,1.243044,5.422503,0.000387,0.005379,0.005259,0.000519,3.491424,0.172091,3.659922
358.511153,3.58511153,0.060866,0.939134,0.978969,0.021031,4.557916,0.000033,1.166611,1.240299,5.422596,0.000387,0.00538,0.005263,0.000519,3.491424,0.171978,3.659922
359.509396,3.59509396,0.060699,0.939301,0.978985,0.021015,4.561325,0.000033,1.164158,1.237567,5.422689,0.000387,0.005381,0.005266,0.000519,3.491424,0.171844,3.659922
360.507638,3.60507638,0.060533,0.939467,0.979004,0.020996,4.564591,0.000033,1.161714,1.234846,5.422781,0.000387,0.005382,0.005269,0.000519,3.491424,0.171691,3.659922
361.50588,3.6150588,0.060368,0.939632,0.979025,0.020975,4.567695,0.000032,1.159281,1.232137,5.422873,0.000387,0.005382,0.005272,0.000519,3.491424,0.171521,3.659922
362.504123,3.62504123,0.060204,0.939796,0.979048,0.020952,4.570622,0.000032,1.156858,1.229439,5.422964,0.000387,0.005383,0.005275,0.000519,3.491424,0.171336,3.659922
363.502365,3.63502365,0.06004,0.93996,0.979072,0.020928,4.573357,0.000032,1.154444,1.226753,5.423054,0.000387,0.005384,0.005277,0.000519,3.491424,0.171138,3.659922
365.49885,3.6549885,0.059716,0.940284,0.979124,0.020876,4.578207,0.000032,1.149648,1.221414,5.423234,0.000387,0.005386,0.005281,0.000519,3.491424,0.170711,3.659922
366.497092,3.66497092,0.059556,0.940444,0.979151,0.020849,4.580304,0.000032,1.147264,1.218762,5.423323,0.000387,0.005387,0.005283,0.000519,3.491424,0.170487,3.659922
367.495335,3.67495335,0.059396,0.940604,0.979179,0.020821,4.582177,0.000032,1.14489,1.216121,5.423412,0.000387,0.005388,0.005284,0.000519,3.491424,0.17026,3.659922
368.493577,3.68493577,0.059237,0.940763,0.979207,0.020793,4.58382,0.000032,1.142526,1.213491,5.4235,0.000387,0.005389,0.005285,0.000519,3.491424,0.17003,3.659922
369.49182,3.6949182,0.059079,0.940921,0.979235,0.020765,4.585235,0.000032,1.140172,1.210872,5.423587,0.000387,0.00539,0.005286,0.000519,3.491424,0.169801,3.659922
370.490062,3.70490062,0.058922,0.941078,0.979263,0.020737,4.586422,0.000032,1.137827,1.208264,5.423675,0.000387,0.005391,0.005287,0.000519,3.491424,0.169574,3.659922
371.488304,3.71488304,0.058765,0.941235,0.97929,0.02071,4.587385,0.000032,1.135492,1.205667,5.423761,0.000387,0.005392,0.005287,0.000519,3.491424,0.169352,3.659922
372.486547,3.72486547,0.058609,0.941391,0.979317,0.020683,4.588129,0.000032,1.133166,1.203081,5.423847,0.000387,0.005393,0.005287,0.000519,3.491424,0.169136,3.659922
373.484789,3.73484789,0.058455,0.941545,0.979342,0.020658,4.588661,0.000031,1.13085,1.200505,5.423933,0.000387,0.005394,0.005287,0.000519,3.491424,0.168929,3.659922
374.483031,3.74483031,0.058301,0.941699,0.979366,0.020634,4.588991,0.000031,1.128543,1.19794,5.424018,0.000387,0.005395,0.005287,0.000519,3.491424,0.168731,3.659922
375.481274,3.75481274,0.058147,0.941853,0.979389,0.020611,4.589129,0.000031,1.126245,1.195386,5.424103,0.000387,0.005396,0.005286,0.000519,3.491424,0.168544,3.659922
376.479516,3.76479516,0.057995,0.942005,0.97941,0.02059,4.589086,0.000031,1.123956,1.192843,5.424187,0.000387,0.005397,0.005285,0.000519,3.491424,0.16837,3.659922
377.477759,3.77477759,0.057843,0.942157,0.97943,0.02057,4.588877,0.000031,1.121677,1.19031,5.424271,0.000387,0.005398,0.005285,0.000519,3.491424,0.168209,3.659922
378.492412,3.78492412,0.05769,0.94231,0.979448,0.020552,4.588507,0.000031,1.11937,1.187746,5.424355,0.000387,0.005399,0.005284,0.000519,3.491424,0.168062,3.659922
379.507065,3.79507065,0.057538,0.942462,0.979464,0.020536,4.587996,0.000031,1.117072,1.185193,5.42444,0.000387,0.0054,0.005282,0.000519,3.491424,0.16793,3.659922
379.507065,3.79507065,0.057538,0.942462,0.979464,0.020536,4.587996,0.000031,1.117072,1.185193,5.42444,0.000387,0.0054,0.005282,0.000519,3.491424,0.16793,3.659922
380.521718,3.80521718,0.057386,0.942614,0.979478,0.020522,4.58736,0.000031,1.114783,1.18265,5.424523,0.000387,0.0054,0.005281,0.000519,3.491424,0.167815,3.659922
381.536371,3.81536371,0.057235,0.942765,0.97949,0.02051,4.586616,0.000031,1.112504,1.180118,5.424607,0.000387,0.005401,0.00528,0.000519,3.491424,0.167718,3.659922
382.551024,3.82551024,0.057085,0.942915,0.9795,0.0205,4.585782,0.000031,1.110234,1.177597,5.42469,0.000387,0.005402,0.005279,0.000519,3.491424,0.167638,3.659922
383.565677,3.83565677,0.056935,0.943065,0.979507,0.020493,4.584875,0.000031,1.107973,1.175086,5.424772,0.000387,0.005403,0.005278,0.000519,3.491424,0.167576,3.659922
384.58033,3.8458033,0.056787,0.943213,0.979513,0.020487,4.583915,0.000031,1.105721,1.172585,5.424854,0.000387,0.005404,0.005276,0.000519,3.491424,0.167531,3.659922
385.594983,3.85594983,0.056639,0.943361,0.979516,0.020484,4.582919,0.000031,1.103478,1.170095,5.424935,0.000387,0.005405,0.005275,0.000519,3.491424,0.167505,3.659922
386.651939,3.86651939,0.056486,0.943514,0.979517,0.020483,4.581863,0.00003,1.101151,1.167512,5.42502,0.000387,0.005406,0.005274,0.000519,3.491424,0.167495,3.659922
387.708895,3.87708895,0.056334,0.943666,0.979516,0.020484,4.580806,0.00003,1.098834,1.16494,5.425104,0.000387,0.005407,0.005273,0.000519,3.491424,0.167504,3.659922
388.765851,3.88765851,0.056182,0.943818,0.979513,0.020487,4.579767,0.00003,1.096526,1.162379,5.425187,0.000387,0.005407,0.005271,0.000519,3.491424,0.16753,3.659922
389.822808,3.89822808,0.056031,0.943969,0.979508,0.020492,4.578765,0.00003,1.094229,1.159829,5.42527,0.000387,0.005408,0.00527,0.000519,3.491424,0.167572,3.659922
390.879764,3.90879764,0.055881,0.944119,0.979501,0.020499,4.577816,0.00003,1.09194,1.15729,5.425353,0.000387,0.005409,0.00527,0.000519,3.491424,0.16763,3.659922
391.93672,3.9193672,0.055732,0.944268,0.979492,0.020508,4.576935,0.00003,1.089661,1.154762,5.425435,0.000387,0.00541,0.005269,0.000519,3.491424,0.167702,3.659922
392.993676,3.92993676,0.055584,0.944416,0.979482,0.020518,4.576138,0.00003,1.087392,1.152245,5.425516,0.000387,0.005411,0.005268,0.000519,3.491424,0.167787,3.659922
394.050632,3.94050632,0.055436,0.944564,0.97947,0.02053,4.575437,0.00003,1.085132,1.149738,5.425597,0.000387,0.005412,0.005268,0.000519,3.491424,0.167884,3.659922
395.107588,3.95107588,0.05529,0.94471,0.979457,0.020543,4.574844,0.00003,1.082881,1.147242,5.425678,0.000387,0.005412,0.005268,0.000519,3.491424,0.167991,3.659922
396.164545,3.96164545,0.055144,0.944856,0.979442,0.020558,4.574369,0.00003,1.080639,1.144756,5.425758,0.000387,0.005413,0.005267,0.000519,3.491424,0.168107,3.659922
397.221501,3.97221501,0.054998,0.945002,0.979427,0.020573,4.57402,0.00003,1.078407,1.142281,5.425838,0.000387,0.005414,0.005267,0.000519,3.491424,0.16823,3.659922
398.278457,3.98278457,0.054854,0.945146,0.979412,0.020588,4.573803,0.00003,1.076184,1.139816,5.425918,0.000387,0.005415,0.005268,0.000519,3.491424,0.168358,3.659922
399.335413,3.99335413,0.05471,0.94529,0.979396,0.020604,4.573725,0.000029,1.07397,1.137362,5.425997,0.000387,0.005416,0.005268,0.000519,3.491424,0.168491,3.659922
400.392369,4.00392369,0.054567,0.945433,0.979379,0.020621,4.573789,0.000029,1.071764,1.134918,5.426075,0.000387,0.005416,0.005269,0.000519,3.491424,0.168626,3.659922
401.492431,4.01492431,0.054419,0.945581,0.979362,0.020638,4.574008,0.000029,1.069479,1.132385,5.426156,0.000387,0.005417,0.005269,0.000519,3.491424,0.168768,3.659922
402.407112,4.02407112,0.054297,0.945703,0.979347,0.020653,4.574308,0.000029,1.067586,1.130287,5.426223,0.000387,0.005418,0.00527,0.000519,3.491424,0.168885,3.659922
403.321792,4.03321792,0.054175,0.945825,0.979333,0.020667,4.574716,0.000029,1.065699,1.128197,5.42629,0.000387,0.005419,0.005271,0.000519,3.491424,0.169002,3.659922
404.236473,4.04236473,0.054053,0.945947,0.979319,0.020681,4.575229,0.000029,1.063819,1.126115,5.426357,0.000387,0.005419,0.005272,0.000519,3.491424,0.169116,3.659922
405.151153,4.05151153,0.053933,0.946067,0.979306,0.020694,4.575845,0.000029,1.061946,1.124039,5.426423,0.000387,0.00542,0.005273,0.000519,3.491424,0.169227,3.659922
405.908512,4.05908512,0.053833,0.946167,0.979295,0.020705,4.57643,0.000029,1.0604,1.122327,5.426478,0.000387,0.00542,0.005274,0.000519,3.491424,0.169316,3.659922
406.665871,4.06665871,0.053734,0.946266,0.979284,0.020716,4.577083,0.000029,1.058858,1.12062,5.426532,0.000387,0.005421,0.005275,0.000519,3.491424,0.169402,3.659922
408.180588,4.08180588,0.053536,0.946464,0.979264,0.020736,4.578576,0.000029,1.055788,1.11722,5.426641,0.000387,0.005422,0.005278,0.000519,3.491424,0.169563,3.659922
408.937947,4.08937947,0.053438,0.946562,0.979255,0.020745,4.579411,0.000029,1.05426,1.115528,5.426694,0.000387,0.005423,0.005279,0.000519,3.491424,0.169638,3.659922
409.695305,4.09695305,0.05334,0.94666,0.979247,0.020753,4.580302,0.000029,1.052735,1.11384,5.426748,0.000387,0.005423,0.00528,0.000519,3.491424,0.169708,3.659922
411.210023,4.11210023,0.053145,0.946855,0.979231,0.020769,4.582233,0.000029,1.0497,1.110481,5.426855,0.000387,0.005424,0.005283,0.000519,3.491424,0.169835,3.659922
411.967381,4.11967381,0.053049,0.946951,0.979224,0.020776,4.583266,0.000029,1.048189,1.108808,5.426908,0.000387,0.005425,0.005284,0.000519,3.491424,0.16989,3.659922
412.72474,4.1272474,0.052952,0.947048,0.979218,0.020782,4.584339,0.000029,1.046683,1.107141,5.42696,0.000387,0.005425,0.005286,0.000519,3.491424,0.16994,3.659922
414.239457,4.14239457,0.05276,0.94724,0.979208,0.020792,4.586589,0.000028,1.043682,1.103821,5.427065,0.000387,0.005426,0.005289,0.000519,3.491424,0.170023,3.659922
414.996816,4.14996816,0.052665,0.947335,0.979204,0.020796,4.587757,0.000028,1.042188,1.102168,5.427117,0.000387,0.005427,0.00529,0.000519,3.491424,0.170056,3.659922
415.754175,4.15754175,0.05257,0.94743,0.979201,0.020799,4.588947,0.000028,1.040698,1.10052,5.427169,0.000387,0.005428,0.005292,0.000519,3.491424,0.170083,3.659922
417.268892,4.17268892,0.052381,0.947619,0.979196,0.020804,4.591379,0.000028,1.037731,1.097238,5.427273,0.000387,0.005429,0.005294,0.000519,3.491424,0.170121,3.659922
418.026251,4.18026251,0.052287,0.947713,0.979195,0.020805,4.592612,0.000028,1.036254,1.095605,5.427324,0.000387,0.005429,0.005296,0.000519,3.491424,0.170131,3.659922
418.783609,4.18783609,0.052193,0.947807,0.979194,0.020806,4.59385,0.000028,1.034781,1.093976,5.427376,0.000387,0.00543,0.005297,0.000519,3.491424,0.170135,3.659922
420.298327,4.20298327,0.052006,0.947994,0.979195,0.020805,4.596325,0.000028,1.031848,1.090732,5.427477,0.000387,0.005431,0.0053,0.000519,3.491424,0.170127,3.659922
421.055685,4.21055685,0.051914,0.948086,0.979197,0.020803,4.597554,0.000028,1.030387,1.089117,5.427528,0.000387,0.005431,0.005302,0.000519,3.491424,0.170115,3.659922
421.813044,4.21813044,0.051821,0.948179,0.979199,0.020801,4.598772,0.000028,1.028931,1.087507,5.427578,0.000387,0.005432,0.005303,0.000519,3.491424,0.170098,3.659922
423.327761,4.23327761,0.051638,0.948362,0.979205,0.020795,4.60116,0.000028,1.02603,1.084301,5.427679,0.000387,0.005433,0.005305,0.000519,3.491424,0.170049,3.659922
424.08512,4.2408512,0.051546,0.948454,0.979209,0.020791,4.602323,0.000028,1.024586,1.082705,5.427729,0.000387,0.005433,0.005307,0.000519,3.491424,0.170018,3.659922
424.848946,4.24848946,0.051454,0.948546,0.979213,0.020787,4.60347,0.000028,1.023133,1.0811,5.427779,0.000387,0.005434,0.005308,0.000519,3.491424,0.169982,3.659922
426.376597,4.26376597,0.051271,0.948729,0.979223,0.020777,4.605676,0.000028,1.020241,1.077903,5.427879,0.000387,0.005435,0.00531,0.000519,3.491424,0.1699,3.659922
427.140423,4.27140423,0.051181,0.948819,0.979229,0.020771,4.606728,0.000028,1.0188,1.076312,5.427928,0.000387,0.005436,0.005311,0.000519,3.491424,0.169853,3.659922
427.904249,4.27904249,0.05109,0.94891,0.979235,0.020765,4.607744,0.000028,1.017364,1.074725,5.427978,0.000387,0.005436,0.005312,0.000519,3.491424,0.169804,3.659922
428.668075,4.28668075,0.051,0.949,0.979241,0.020759,4.608721,0.000028,1.015931,1.073143,5.428027,0.000387,0.005437,0.005313,0.000519,3.491424,0.169751,3.659922
430.339158,4.30339158,0.050803,0.949197,0.979256,0.020744,4.610714,0.000027,1.012812,1.069698,5.428134,0.000387,0.005438,0.005315,0.000519,3.491424,0.169629,3.659923
431.1747,4.311747,0.050706,0.949294,0.979264,0.020736,4.611632,0.000027,1.011259,1.067983,5.428187,0.000387,0.005438,0.005316,0.000519,3.491424,0.169565,3.659923
432.010242,4.32010242,0.050608,0.949392,0.979272,0.020728,4.612496,0.000027,1.009711,1.066274,5.42824,0.000387,0.005439,0.005317,0.000519,3.491424,0.1695,3.659923
432.845783,4.32845783,0.050512,0.949488,0.97928,0.02072,4.613305,0.000027,1.008168,1.06457,5.428293,0.000387,0.005439,0.005317,0.000519,3.491424,0.169433,3.659923
433.681325,4.33681325,0.050415,0.949585,0.979288,0.020712,4.614058,0.000027,1.006629,1.062872,5.428345,0.000387,0.00544,0.005318,0.000519,3.491424,0.169366,3.659923
434.580369,4.34580369,0.050312,0.949688,0.979297,0.020703,4.614806,0.000027,1.004979,1.06105,5.428402,0.000387,0.005441,0.005318,0.000519,3.491424,0.169294,3.659923
436.378457,4.36378457,0.050106,0.949894,0.979315,0.020685,4.616107,0.000027,1.001694,1.057425,5.428514,0.000387,0.005442,0.005319,0.000519,3.491424,0.169151,3.659923
437.277501,4.37277501,0.050004,0.949996,0.979323,0.020677,4.616662,0.000027,1.000059,1.055621,5.428569,0.000387,0.005442,0.00532,0.000519,3.491424,0.169082,3.659923
438.176545,4.38176545,0.049902,0.950098,0.979332,0.020668,4.617156,0.000027,0.99843,1.053824,5.428625,0.000387,0.005443,0.00532,0.000519,3.491424,0.169014,3.659923
439.075589,4.39075589,0.049801,0.950199,0.97934,0.02066,4.61759,0.000027,0.996806,1.052032,5.42868,0.000387,0.005444,0.00532,0.000519,3.491424,0.168949,3.659923
439.974633,4.39974633,0.0497,0.9503,0.979347,0.020653,4.617966,0.000027,0.995188,1.050247,5.428735,0.000387,0.005444,0.005321,0.000519,3.491424,0.168886,3.659923
440.940918,4.40940918,0.049592,0.950408,0.979355,0.020645,4.618309,0.000027,0.993454,1.048334,5.428794,0.000387,0.005445,0.005321,0.000519,3.491424,0.168822,3.659923
441.907203,4.41907203,0.049484,0.950516,0.979362,0.020638,4.618593,0.000027,0.991726,1.046428,5.428852,0.000387,0.005446,0.005321,0.000519,3.491424,0.168763,3.659923
442.873488,4.42873488,0.049377,0.950623,0.979369,0.020631,4.618821,0.000027,0.990004,1.04453,5.42891,0.000387,0.005446,0.005321,0.000519,3.491424,0.168707,3.659923
443.839773,4.43839773,0.04927,0.95073,0.979375,0.020625,4.618997,0.000027,0.988288,1.042637,5.428968,0.000387,0.005447,0.005321,0.000519,3.491424,0.168656,3.659923
444.806058,4.44806058,0.049164,0.950836,0.979381,0.020619,4.619126,0.000027,0.986578,1.040752,5.429026,0.000387,0.005447,0.005321,0.000519,3.491424,0.16861,3.659923
445.772343,4.45772343,0.049058,0.950942,0.979386,0.020614,4.619214,0.000027,0.984873,1.038873,5.429084,0.000387,0.005448,0.005321,0.000519,3.491424,0.16857,3.659923
446.738628,4.46738628,0.048953,0.951047,0.97939,0.02061,4.619265,0.000026,0.983175,1.037001,5.429141,0.000387,0.005449,0.005321,0.000519,3.491424,0.168534,3.659923
447.824332,4.47824332,0.048835,0.951165,0.979394,0.020606,4.619285,0.000026,0.981273,1.034905,5.429205,0.000387,0.005449,0.005321,0.000519,3.491424,0.168501,3.659923
448.910036,4.48910036,0.048718,0.951282,0.979397,0.020603,4.619273,0.000026,0.979379,1.032818,5.429268,0.000387,0.00545,0.005321,0.000519,3.491424,0.168475,3.659923
449.99574,4.4999574,0.048601,0.951399,0.9794,0.0206,4.619236,0.000026,0.977492,1.030739,5.429332,0.000387,0.005451,0.00532,0.000519,3.491424,0.168456,3.659923
451.081444,4.51081444,0.048485,0.951515,0.979401,0.020599,4.619183,0.000026,0.975613,1.028668,5.429395,0.000387,0.005451,0.00532,0.000519,3.491424,0.168444,3.659923
452.167148,4.52167148,0.048369,0.951631,0.979402,0.020598,4.619119,0.000026,0.97374,1.026605,5.429457,0.000387,0.005452,0.00532,0.000519,3.491424,0.168438,3.659923
453.252852,4.53252852,0.048254,0.951746,0.979402,0.020598,4.619054,0.000026,0.971874,1.024551,5.42952,0.000387,0.005453,0.00532,0.000519,3.491424,0.16844,3.659923
454.338556,4.54338556,0.04814,0.95186,0.979401,0.020599,4.618993,0.000026,0.970016,1.022504,5.429582,0.000387,0.005453,0.00532,0.000519,3.491424,0.168447,3.659923
455.546469,4.55546469,0.048013,0.951987,0.979399,0.020601,4.61894,0.000026,0.967957,1.020237,5.429651,0.000387,0.005454,0.00532,0.000519,3.491424,0.168463,3.659923
455.546469,4.55546469,0.048013,0.951987,0.979399,0.020601,4.61894,0.000026,0.967957,1.020237,5.429651,0.000387,0.005454,0.00532,0.000519,3.491424,0.168463,3.659923
456.754381,4.56754381,0.047887,0.952113,0.979396,0.020604,4.618909,0.000026,0.965906,1.017979,5.429719,0.000387,0.005455,0.00532,0.000519,3.491424,0.168485,3.659923
457.962293,4.57962293,0.047762,0.952238,0.979393,0.020607,4.618909,0.000026,0.963864,1.015731,5.429787,0.000387,0.005455,0.00532,0.000519,3.491424,0.168514,3.659923
459.170206,4.59170206,0.047637,0.952363,0.979389,0.020611,4.618947,0.000026,0.961831,1.013493,5.429855,0.000387,0.005456,0.00532,0.000519,3.491424,0.168548,3.659923
460.378118,4.60378118,0.047513,0.952487,0.979384,0.020616,4.61903,0.000026,0.959805,1.011264,5.429922,0.000387,0.005457,0.005321,0.000519,3.491424,0.168587,3.659923
461.586031,4.61586031,0.047389,0.952611,0.979378,0.020622,4.619162,0.000026,0.957789,1.009045,5.429989,0.000387,0.005458,0.005321,0.000519,3.491424,0.16863,3.659923
461.586031,4.61586031,0.047389,0.952611,0.979378,0.020622,4.619162,0.000026,0.957789,1.009045,5.429989,0.000387,0.005458,0.005321,0.000519,3.491424,0.16863,3.659923
462.793943,4.62793943,0.047267,0.952733,0.979373,0.020627,4.619349,0.000026,0.955781,1.006836,5.430055,0.000387,0.005458,0.005321,0.000519,3.491424,0.168677,3.659923
464.001855,4.64001855,0.047144,0.952856,0.979367,0.020633,4.619594,0.000026,0.953781,1.004636,5.430121,0.000387,0.005459,0.005322,0.000519,3.491424,0.168726,3.659923
465.209768,4.65209768,0.047023,0.952977,0.97936,0.02064,4.619899,0.000025,0.951789,1.002445,5.430187,0.000387,0.00546,0.005322,0.000519,3.491424,0.168777,3.659923
466.41923,4.6641923,0.046902,0.953098,0.979354,0.020646,4.620267,0.000025,0.949803,1.000261,5.430253,0.000387,0.00546,0.005323,0.000519,3.491424,0.168829,3.659923
466.41923,4.6641923,0.046902,0.953098,0.979354,0.020646,4.620267,0.000025,0.949803,1.000261,5.430253,0.000387,0.00546,0.005323,0.000519,3.491424,0.168829,3.659923
467.628693,4.67628693,0.046781,0.953219,0.979348,0.020652,4.620699,0.000025,0.947826,0.998087,5.430318,0.000387,0.005461,0.005324,0.000519,3.491424,0.168882,3.659923
468.838155,4.68838155,0.046661,0.953339,0.979341,0.020659,4.621193,0.000025,0.945856,0.995921,5.430383,0.000387,0.005462,0.005324,0.000519,3.491424,0.168933,3.659923
470.047618,4.70047618,0.046542,0.953458,0.979335,0.020665,4.621749,0.000025,0.943895,0.993765,5.430447,0.000387,0.005462,0.005325,0.000519,3.491424,0.168984,3.659923
471.016909,4.71016909,0.046447,0.953553,0.97933,0.02067,4.622239,0.000025,0.942329,0.992044,5.430499,0.000387,0.005463,0.005326,0.000519,3.491424,0.169023,3.659923
471.986201,4.71986201,0.046352,0.953648,0.979326,0.020674,4.622765,0.000025,0.940768,0.990328,5.43055,0.000387,0.005463,0.005327,0.000519,3.491424,0.169061,3.659923
472.955492,4.72955492,0.046258,0.953742,0.979321,0.020679,4.623327,0.000025,0.939212,0.988618,5.430601,0.000387,0.005464,0.005327,0.000519,3.491424,0.169096,3.659923
473.924784,4.73924784,0.046164,0.953836,0.979317,0.020683,4.623923,0.000025,0.937661,0.986915,5.430652,0.000387,0.005464,0.005328,0.000519,3.491424,0.16913,3.659923
474.894075,4.74894075,0.04607,0.95393,0.979314,0.020686,4.62455,0.000025,0.936116,0.985216,5.430702,0.000387,0.005465,0.005329,0.000519,3.491424,0.169161,3.659923
475.863366,4.75863366,0.045977,0.954023,0.97931,0.02069,4.625206,0.000025,0.934575,0.983524,5.430753,0.000387,0.005466,0.00533,0.000519,3.491424,0.16919,3.659923
476.861834,4.76861834,0.045881,0.954119,0.979307,0.020693,4.62591,0.000025,0.932993,0.981786,5.430804,0.000387,0.005466,0.005331,0.000519,3.491424,0.169217,3.659923
477.860302,4.77860302,0.045786,0.954214,0.979304,0.020696,4.626639,0.000025,0.931417,0.980055,5.430856,0.000387,0.005467,0.005332,0.000519,3.491424,0.16924,3.659923
478.85877,4.7885877,0.045691,0.954309,0.979301,0.020699,4.62739,0.000025,0.929846,0.97833,5.430907,0.000387,0.005467,0.005333,0.000519,3.491424,0.169261,3.659923
479.857238,4.79857238,0.045596,0.954404,0.979299,0.020701,4.628159,0.000025,0.92828,0.97661,5.430958,0.000387,0.005468,0.005334,0.000519,3.491424,0.169278,3.659923
480.855706,4.80855706,0.045502,0.954498,0.979298,0.020702,4.628944,0.000025,0.926719,0.974897,5.431009,0.000387,0.005468,0.005335,0.000519,3.491424,0.169291,3.659923
481.854173,4.81854173,0.045409,0.954591,0.979296,0.020704,4.62974,0.000025,0.925164,0.973189,5.431059,0.000387,0.005469,0.005336,0.000519,3.491424,0.169302,3.659923
482.852641,4.82852641,0.045315,0.954685,0.979296,0.020704,4.630545,0.000025,0.923613,0.971487,5.43111,0.000387,0.005469,0.005337,0.000519,3.491424,0.169308,3.659923
484.148391,4.84148391,0.045195,0.954805,0.979295,0.020705,4.631597,0.000024,0.921609,0.969288,5.431175,0.000387,0.00547,0.005338,0.000519,3.491424,0.169312,3.659923
485.44414,4.8544414,0.045075,0.954925,0.979295,0.020705,4.63265,0.000024,0.919613,0.967098,5.431239,0.000387,0.005471,0.005339,0.000519,3.491424,0.16931,3.659923
485.44414,4.8544414,0.045075,0.954925,0.979295,0.020705,4.63265,0.000024,0.919613,0.967098,5.431239,0.000387,0.005471,0.005339,0.000519,3.491424,0.16931,3.659923
486.73989,4.8673989,0.044956,0.955044,0.979296,0.020704,4.633697,0.000024,0.917626,0.964917,5.431304,0.000387,0.005471,0.00534,0.000519,3.491424,0.169303,3.659923
488.035639,4.88035639,0.044837,0.955163,0.979298,0.020702,4.634731,0.000024,0.915648,0.962747,5.431368,0.000387,0.005472,0.005341,0.000519,3.491424,0.16929,3.659923
489.331389,4.89331389,0.044719,0.955281,0.9793,0.0207,4.635745,0.000024,0.913678,0.960586,5.431431,0.000387,0.005473,0.005342,0.000519,3.491424,0.169273,3.659923
490.627138,4.90627138,0.044601,0.955399,0.979302,0.020698,4.636735,0.000024,0.911716,0.958434,5.431494,0.000387,0.005473,0.005344,0.000519,3.491424,0.169252,3.659923
490.627138,4.90627138,0.044601,0.955399,0.979302,0.020698,4.636735,0.000024,0.911716,0.958434,5.431494,0.000387,0.005473,0.005344,0.000519,3.491424,0.169252,3.659923
491.922888,4.91922888,0.044485,0.955515,0.979306,0.020694,4.637695,0.000024,0.909763,0.956292,5.431557,0.000387,0.005474,0.005345,0.000519,3.491424,0.169227,3.659923
493.218637,4.93218637,0.044368,0.955632,0.979309,0.020691,4.63862,0.000024,0.907818,0.95416,5.43162,0.000387,0.005475,0.005345,0.000519,3.491424,0.169198,3.659923
494.514387,4.94514387,0.044253,0.955747,0.979313,0.020687,4.639506,0.000024,0.905881,0.952036,5.431682,0.000387,0.005475,0.005346,0.000519,3.491424,0.169167,3.659923
494.514387,4.94514387,0.044253,0.955747,0.979313,0.020687,4.639506,0.000024,0.905881,0.952036,5.431682,0.000387,0.005475,0.005346,0.000519,3.491424,0.169167,3.659923
495.810136,4.95810136,0.044138,0.955862,0.979317,0.020683,4.64035,0.000024,0.903952,0.949922,5.431744,0.000387,0.005476,0.005347,0.000519,3.491424,0.169134,3.659923
497.105886,4.97105886,0.044023,0.955977,0.979321,0.020679,4.64115,0.000024,0.902032,0.947817,5.431806,0.000387,0.005477,0.005348,0.000519,3.491424,0.169099,3.659923
498.401635,4.98401635,0.04391,0.95609,0.979326,0.020674,4.641904,0.000024,0.900119,0.945722,5.431867,0.000387,0.005477,0.005349,0.000519,3.491424,0.169063,3.659923
498.401635,4.98401635,0.04391,0.95609,0.979326,0.020674,4.641904,0.000024,0.900119,0.945722,5.431867,0.000387,0.005477,0.005349,0.000519,3.491424,0.169063,3.659923
499.785645,4.99785645,0.043789,0.956211,0.97933,0.02067,4.642657,0.000024,0.898085,0.943493,5.431932,0.000387,0.005478,0.005349,0.000519,3.491424,0.169024,3.659923
